date,API,Main Pollutant,date.sy,API.sy
6/5/2000,116,PM10,6/5/2000,93
6/6/2000,129,PM10,6/6/2000,89
6/7/2000,135,PM10,6/7/2000,106
6/8/2000,86,PM10,6/8/2000,63
6/9/2000,73,PM10,6/9/2000,60
6/10/2000,85,PM10,6/10/2000,127
6/11/2000,73,PM10,6/11/2000,98
6/12/2000,68,PM10,6/12/2000,107
6/13/2000,92,PM10,6/13/2000,78
6/14/2000,130,PM10,6/14/2000,101
6/15/2000,245,PM10,6/15/2000,110
6/16/2000,139,PM10,6/16/2000,125
6/17/2000,115,PM10,6/17/2000,117
6/18/2000,111,PM10,6/18/2000,117
6/19/2000,309,PM10,6/19/2000,104
6/20/2000,206,PM10,6/20/2000,126
6/21/2000,137,PM10,6/21/2000,115
6/22/2000,128,PM10,6/22/2000,111
6/23/2000,85,PM10,6/23/2000,88
6/24/2000,94,PM10,6/24/2000,87
6/25/2000,71,PM10,6/25/2000,69
6/26/2000,106,PM10,6/26/2000,93
6/27/2000,84,PM10,6/27/2000,88
6/28/2000,93,PM10,6/28/2000,89
6/29/2000,85,PM10,6/29/2000,84
6/30/2000,73,PM10,6/30/2000,66
7/1/2000,83,PM10,7/1/2000,62
7/2/2000,125,PM10,7/2/2000,80
7/3/2000,107,PM10,7/3/2000,68
7/4/2000,82,PM10,7/4/2000,70
7/5/2000,44,--,7/5/2000,62
7/6/2000,72,PM10,7/6/2000,72
7/7/2000,106,PM10,7/7/2000,75
7/8/2000,107,PM10,7/8/2000,89
7/9/2000,66,PM10,7/9/2000,83
7/10/2000,91,PM10,7/10/2000,75
7/11/2000,92,PM10,7/11/2000,93
7/12/2000,113,PM10,7/12/2000,59
7/13/2000,107,PM10,7/13/2000,89
7/14/2000,131,PM10,7/14/2000,82
7/15/2000,111,PM10,7/15/2000,61
7/16/2000,64,PM10,7/16/2000,69
7/17/2000,69,PM10,7/17/2000,31
7/18/2000,88,PM10,7/18/2000,59
7/19/2000,77,PM10,7/19/2000,63
7/20/2000,83,PM10,7/20/2000,52
7/21/2000,111,PM10,7/21/2000,66
7/22/2000,57,PM10,7/22/2000,57
7/23/2000,55,PM10,7/23/2000,73
7/24/2000,60,PM10,7/24/2000,75
7/25/2000,44,--,7/25/2000,62
7/26/2000,127,PM10,7/26/2000,71
7/27/2000,114,PM10,7/27/2000,55
7/28/2000,86,PM10,7/28/2000,53
7/29/2000,73,PM10,7/29/2000,61
7/30/2000,52,PM10,7/30/2000,51
7/31/2000,69,PM10,7/31/2000,78
8/1/2000,86,PM10,8/1/2000,80
8/2/2000,118,PM10,8/2/2000,76
8/3/2000,56,PM10,8/3/2000,102
8/4/2000,91,PM10,8/4/2000,96
8/5/2000,121,PM10,8/5/2000,95
8/6/2000,127,PM10,8/6/2000,71
8/7/2000,78,PM10,8/7/2000,65
8/8/2000,79,PM10,8/8/2000,77
8/9/2000,46,--,8/9/2000,69
8/10/2000,108,PM10,8/10/2000,53
8/11/2000,80,PM10,8/11/2000,61
8/12/2000,79,PM10,8/12/2000,68
8/13/2000,69,PM10,8/13/2000,83
8/14/2000,80,PM10,8/14/2000,67
8/15/2000,105,PM10,8/15/2000,65
8/16/2000,119,PM10,8/16/2000,60
8/17/2000,105,PM10,8/17/2000,89
8/18/2000,55,PM10,8/18/2000,75
8/19/2000,74,PM10,8/19/2000,73
8/20/2000,41,--,8/20/2000,62
8/21/2000,62,PM10,8/21/2000,54
8/22/2000,104,PM10,8/22/2000,65
8/23/2000,118,PM10,8/23/2000,74
8/24/2000,121,PM10,8/24/2000,69
8/25/2000,126,PM10,8/25/2000,91
8/26/2000,99,PM10,8/26/2000,93
8/27/2000,92,PM10,8/27/2000,59
8/28/2000,75,PM10,8/28/2000,65
8/29/2000,91,PM10,8/29/2000,82
8/30/2000,94,PM10,8/30/2000,73
8/31/2000,69,PM10,8/31/2000,68
9/1/2000,93,PM10,9/1/2000,52
9/2/2000,124,PM10,9/2/2000,65
9/3/2000,120,PM10,9/3/2000,98
9/4/2000,93,PM10,9/4/2000,92
9/5/2000,26,--,9/5/2000,57
9/6/2000,32,--,9/6/2000,58
9/7/2000,70,PM10,9/7/2000,76
9/8/2000,89,PM10,9/8/2000,71
9/9/2000,108,PM10,9/9/2000,83
9/10/2000,117,PM10,9/10/2000,95
9/11/2000,144,PM10,9/11/2000,98
9/12/2000,111,PM10,9/12/2000,100
9/13/2000,120,PM10,9/13/2000,84
9/14/2000,97,PM10,9/14/2000,96
9/15/2000,108,PM10,9/15/2000,99
9/16/2000,94,PM10,9/16/2000,82
9/17/2000,74,PM10,9/17/2000,65
9/18/2000,105,PM10,9/18/2000,97
9/19/2000,127,PM10,9/19/2000,95
9/20/2000,143,PM10,9/20/2000,96
9/21/2000,62,PM10,9/21/2000,96
9/22/2000,80,PM10,9/22/2000,82
9/23/2000,136,PM10,9/23/2000,90
9/24/2000,29,--,9/24/2000,67
9/25/2000,91,PM10,9/25/2000,75
9/26/2000,93,PM10,9/26/2000,107
9/27/2000,114,PM10,9/27/2000,129
9/28/2000,45,--,9/28/2000,95
9/29/2000,102,PM10,9/29/2000,89
9/30/2000,111,PM10,9/30/2000,82
10/1/2000,93,PM10,10/1/2000,112
10/2/2000,117,PM10,10/2/2000,68
10/3/2000,78,PM10,10/3/2000,81
10/4/2000,76,PM10,10/4/2000,99
10/5/2000,100,PM10,10/5/2000,95
10/6/2000,75,PM10,10/6/2000,83
10/7/2000,169,PM10,10/7/2000,72
10/8/2000,59,PM10,10/8/2000,59
10/9/2000,89,PM10,10/10/2000,94
10/10/2000,91,PM10,10/11/2000,84
10/11/2000,75,PM10,10/12/2000,71
10/12/2000,28,--,10/13/2000,88
10/13/2000,47,--,10/14/2000,81
10/14/2000,92,PM10,10/15/2000,67
10/15/2000,72,PM10,10/16/2000,93
10/16/2000,72,PM10,10/17/2000,82
10/17/2000,149,PM10,10/18/2000,84
10/18/2000,86,PM10,10/19/2000,83
10/19/2000,88,PM10,10/20/2000,62
10/20/2000,104,PM10,10/21/2000,74
10/21/2000,91,PM10,10/22/2000,91
10/22/2000,88,PM10,10/23/2000,81
10/23/2000,55,PM10,10/24/2000,73
10/24/2000,63,PM10,10/25/2000,79
10/25/2000,41,--,10/26/2000,78
10/26/2000,85,PM10,10/27/2000,96
10/27/2000,99,PM10,10/28/2000,104
10/28/2000,121,PM10,10/29/2000,72
10/29/2000,96,PM10,10/30/2000,95
10/30/2000,90,PM10,10/31/2000,73
10/31/2000,84,PM10,11/1/2000,116
11/1/2000,80,PM10,11/2/2000,102
11/2/2000,116,PM10,11/3/2000,121
11/3/2000,207,PM10,11/4/2000,91
11/4/2000,306,PM10,11/5/2000,98
11/5/2000,283,PM10,11/6/2000,99
11/6/2000,200,PM10,11/7/2000,132
11/7/2000,93,PM10,11/8/2000,134
11/8/2000,49,--,11/9/2000,92
11/9/2000,78,PM10,11/10/2000,61
11/10/2000,40,--,11/11/2000,109
11/11/2000,74,SO2,11/12/2000,86
11/12/2000,67,PM10,11/13/2000,87
11/13/2000,118,PM10,11/14/2000,92
11/14/2000,196,PM10,11/15/2000,82
11/15/2000,101,PM10,11/16/2000,74
11/16/2000,59,PM10,11/17/2000,89
11/17/2000,83,PM10,11/18/2000,87
11/18/2000,83,SO2,11/19/2000,108
11/19/2000,124,PM10,11/20/2000,68
11/20/2000,57,SO2,11/21/2000,104
11/21/2000,78,SO2,11/22/2000,105
11/22/2000,113,PM10,11/23/2000,65
11/23/2000,172,PM10,11/24/2000,104
11/24/2000,129,PM10,11/25/2000,116
11/25/2000,103,PM10,11/26/2000,72
11/26/2000,75,SO2,11/27/2000,110
11/27/2000,125,PM10,11/28/2000,110
11/28/2000,121,PM10,11/29/2000,87
11/29/2000,204,PM10,11/30/2000,98
11/30/2000,141,PM10,12/1/2000,120
12/1/2000,106,PM10,12/2/2000,93
12/2/2000,146,PM10,12/3/2000,89
12/3/2000,95,SO2,12/4/2000,105
12/4/2000,149,PM10,12/5/2000,93
12/5/2000,71,PM10,12/6/2000,109
12/6/2000,104,SO2,12/7/2000,102
12/7/2000,157,PM10,12/8/2000,114
12/8/2000,141,PM10,12/9/2000,103
12/9/2000,197,PM10,12/10/2000,81
12/10/2000,43,--,12/11/2000,92
12/11/2000,81,SO2,12/12/2000,107
12/12/2000,109,SO2,12/13/2000,119
12/13/2000,118,PM10,12/14/2000,127
12/14/2000,90,SO2,12/15/2000,114
12/15/2000,115,PM10,12/16/2000,112
12/16/2000,92,SO2,12/17/2000,95
12/17/2000,123,PM10,12/18/2000,90
12/18/2000,147,PM10,12/19/2000,100
12/19/2000,59,SO2,12/20/2000,112
12/20/2000,103,SO2,12/21/2000,131
12/21/2000,146,PM10,12/22/2000,166
12/22/2000,137,PM10,12/23/2000,133
12/23/2000,74,PM10,12/24/2000,179
12/24/2000,64,SO2,12/25/2000,138
12/25/2000,67,SO2,12/26/2000,156
12/26/2000,107,PM10,12/27/2000,120
12/27/2000,101,PM10,12/28/2000,170
12/28/2000,79,PM10,12/29/2000,170
12/29/2000,137,PM10,12/30/2000,101
12/30/2000,165,PM10,12/31/2000,149
12/31/2000,81,SO2,1/1/2001,183
1/1/2001,100,SO2,1/2/2001,98
1/2/2001,126,PM10,1/3/2001,140
1/3/2001,56,SO2,1/4/2001,158
1/4/2001,87,SO2,1/5/2001,197
1/5/2001,108,SO2,1/6/2001,190
1/6/2001,88,PM10,1/7/2001,177
1/7/2001,78,SO2,1/8/2001,134
1/8/2001,105,PM10,1/9/2001,114
1/9/2001,77,SO2,1/10/2001,153
1/10/2001,105,SO2,1/11/2001,151
1/11/2001,93,SO2,1/12/2001,161
1/12/2001,107,SO2,1/13/2001,166
1/13/2001,128,PM10,1/14/2001,143
1/14/2001,53,SO2,1/15/2001,139
1/15/2001,81,SO2,1/16/2001,184
1/16/2001,128,PM10,1/17/2001,176
1/17/2001,179,PM10,1/18/2001,138
1/18/2001,225,PM10,1/19/2001,159
1/19/2001,116,SO2,1/20/2001,181
1/20/2001,153,PM10,1/21/2001,244
1/21/2001,161,PM10,1/22/2001,243
1/22/2001,149,PM10,1/23/2001,174
1/23/2001,115,PM10,1/24/2001,149
1/24/2001,136,PM10,1/25/2001,166
1/25/2001,101,SO2,1/26/2001,138
1/26/2001,109,SO2,1/27/2001,194
1/27/2001,108,SO2,1/28/2001,107
1/28/2001,86,PM10,1/29/2001,148
1/29/2001,101,SO2,1/30/2001,198
1/30/2001,109,SO2,1/31/2001,118
1/31/2001,139,PM10,2/1/2001,93
2/1/2001,110,PM10,2/2/2001,156
2/2/2001,113,PM10,2/3/2001,92
2/3/2001,130,PM10,2/4/2001,108
2/4/2001,62,PM10,2/5/2001,129
2/5/2001,88,SO2,2/6/2001,101
2/6/2001,105,PM10,2/7/2001,132
2/7/2001,87,SO2,2/8/2001,165
2/8/2001,140,PM10,2/9/2001,110
2/9/2001,116,PM10,2/10/2001,99
2/10/2001,100,SO2,2/11/2001,119
2/11/2001,83,SO2,2/12/2001,133
2/12/2001,102,SO2,2/13/2001,163
2/13/2001,106,SO2,2/14/2001,154
2/14/2001,157,PM10,2/15/2001,149
2/15/2001,131,PM10,2/16/2001,119
2/16/2001,77,SO2,2/17/2001,94
2/17/2001,101,SO2,2/18/2001,106
2/18/2001,148,PM10,2/19/2001,143
2/19/2001,227,PM10,2/20/2001,142
2/20/2001,105,SO2,2/21/2001,114
2/21/2001,155,PM10,2/22/2001,194
2/22/2001,293,PM10,2/23/2001,75
2/23/2001,99,PM10,2/24/2001,91
2/24/2001,57,SO2,2/25/2001,75
2/25/2001,97,SO2,2/26/2001,121
2/26/2001,104,PM10,2/27/2001,120
2/27/2001,117,PM10,2/28/2001,126
2/28/2001,125,PM10,3/1/2001,151
3/1/2001,216,PM10,3/2/2001,119
3/2/2001,149,PM10,3/3/2001,106
3/3/2001,256,PM10,3/4/2001,117
3/4/2001,172,PM10,3/5/2001,142
3/5/2001,113,PM10,3/6/2001,127
3/6/2001,338,PM10,3/7/2001,94
3/7/2001,57,PM10,3/8/2001,98
3/8/2001,48,--,3/9/2001,119
3/9/2001,102,PM10,3/10/2001,119
3/10/2001,111,PM10,3/11/2001,131
3/11/2001,87,PM10,3/12/2001,143
3/12/2001,175,PM10,3/13/2001,108
3/13/2001,186,PM10,3/14/2001,85
3/14/2001,201,PM10,3/15/2001,152
3/15/2001,76,PM10,3/16/2001,127
3/16/2001,131,PM10,3/17/2001,138
3/17/2001,127,PM10,3/18/2001,133
3/18/2001,128,PM10,3/19/2001,118
3/19/2001,152,PM10,3/20/2001,127
3/20/2001,144,PM10,3/21/2001,112
3/21/2001,162,PM10,3/22/2001,186
3/22/2001,500,PM10,3/23/2001,126
3/23/2001,406,PM10,3/24/2001,163
3/24/2001,358,PM10,3/25/2001,114
3/25/2001,128,PM10,3/26/2001,107
3/26/2001,54,PM10,3/27/2001,122
3/27/2001,57,PM10,3/28/2001,98
3/28/2001,54,PM10,3/29/2001,111
3/29/2001,80,PM10,3/30/2001,92
3/30/2001,71,PM10,3/31/2001,99
3/31/2001,73,PM10,4/1/2001,122
4/1/2001,139,PM10,4/2/2001,124
4/2/2001,224,PM10,4/3/2001,124
4/3/2001,107,PM10,4/4/2001,123
4/4/2001,150,PM10,4/5/2001,154
4/5/2001,180,PM10,4/6/2001,157
4/6/2001,77,PM10,4/7/2001,105
4/7/2001,95,PM10,4/8/2001,136
4/8/2001,194,PM10,4/9/2001,149
4/9/2001,143,PM10,4/10/2001,148
4/10/2001,205,PM10,4/11/2001,146
4/11/2001,129,PM10,4/12/2001,108
4/12/2001,64,PM10,4/13/2001,103
4/13/2001,61,PM10,4/14/2001,102
4/14/2001,79,PM10,4/15/2001,120
4/15/2001,121,PM10,4/16/2001,146
4/16/2001,130,PM10,4/17/2001,166
4/17/2001,150,PM10,4/18/2001,156
4/18/2001,205,PM10,4/19/2001,145
4/19/2001,154,PM10,4/20/2001,112
4/20/2001,81,PM10,4/21/2001,91
4/21/2001,140,PM10,4/22/2001,132
4/22/2001,119,PM10,4/23/2001,146
4/23/2001,156,PM10,4/24/2001,187
4/24/2001,72,PM10,4/25/2001,140
4/25/2001,108,PM10,4/26/2001,143
4/26/2001,124,PM10,4/27/2001,148
4/27/2001,94,PM10,4/28/2001,114
4/28/2001,157,PM10,4/29/2001,149
4/29/2001,100,PM10,4/30/2001,152
4/30/2001,158,PM10,5/1/2001,97
5/1/2001,277,PM10,5/2/2001,98
5/2/2001,332,PM10,5/3/2001,101
5/3/2001,303,PM10,5/4/2001,94
5/4/2001,238,PM10,5/5/2001,109
5/5/2001,500,PM10,5/6/2001,89
5/6/2001,99,PM10,5/7/2001,66
5/7/2001,93,PM10,5/8/2001,107
5/8/2001,104,PM10,5/9/2001,102
5/9/2001,74,PM10,5/10/2001,79
5/10/2001,68,PM10,5/11/2001,81
5/11/2001,90,PM10,5/12/2001,86
5/12/2001,114,PM10,5/13/2001,107
5/13/2001,142,PM10,5/14/2001,98
5/14/2001,126,PM10,5/15/2001,99
5/15/2001,185,PM10,5/16/2001,103
5/16/2001,402,PM10,5/17/2001,117
5/17/2001,189,PM10,5/18/2001,119
5/18/2001,112,PM10,5/19/2001,102
5/19/2001,137,PM10,5/20/2001,153
5/20/2001,158,PM10,5/21/2001,105
5/21/2001,158,PM10,5/22/2001,92
5/22/2001,116,PM10,5/23/2001,107
5/23/2001,132,PM10,5/24/2001,121
5/24/2001,110,PM10,5/25/2001,84
5/25/2001,82,PM10,5/26/2001,77
5/26/2001,56,PM10,5/27/2001,88
5/27/2001,54,PM10,5/28/2001,77
5/28/2001,71,PM10,5/29/2001,95
5/29/2001,101,PM10,5/30/2001,89
5/30/2001,57,PM10,5/31/2001,96
5/31/2001,88,PM10,6/1/2001,104
6/1/2001,99,PM10,6/2/2001,117
6/2/2001,84,PM10,6/3/2001,105
6/3/2001,139,PM10,6/4/2001,113
6/4/2001,132,PM10,6/5/2001,114
6/5/2001,141,PM10,6/6/2001,108
6/6/2001,157,PM10,6/7/2001,123
6/7/2001,159,PM10,6/8/2001,126
6/8/2001,131,PM10,6/9/2001,110
6/9/2001,180,PM10,6/10/2001,121
6/10/2001,164,PM10,6/11/2001,89
6/11/2001,134,PM10,6/12/2001,99
6/12/2001,163,PM10,6/13/2001,77
6/13/2001,105,PM10,6/14/2001,94
6/14/2001,74,PM10,6/15/2001,78
6/15/2001,50,--,6/16/2001,78
6/16/2001,60,PM10,6/17/2001,50
6/17/2001,82,PM10,6/18/2001,72
6/18/2001,111,PM10,6/19/2001,109
6/19/2001,89,PM10,6/20/2001,95
6/20/2001,81,PM10,6/21/2001,108
6/21/2001,76,PM10,6/22/2001,102
6/22/2001,70,PM10,6/23/2001,104
6/23/2001,74,PM10,6/24/2001,112
6/24/2001,99,PM10,6/25/2001,107
6/25/2001,91,PM10,6/26/2001,93
6/26/2001,113,PM10,6/27/2001,98
6/27/2001,93,PM10,6/28/2001,112
6/28/2001,69,PM10,6/29/2001,82
6/29/2001,74,PM10,6/30/2001,76
6/30/2001,75,PM10,7/1/2001,85
7/1/2001,108,PM10,7/2/2001,76
7/2/2001,115,PM10,7/3/2001,94
7/3/2001,86,PM10,7/4/2001,80
7/4/2001,67,PM10,7/5/2001,82
7/5/2001,68,PM10,7/6/2001,97
7/6/2001,74,PM10,7/7/2001,100
7/7/2001,69,PM10,7/8/2001,95
7/8/2001,95,PM10,7/9/2001,97
7/9/2001,99,PM10,7/10/2001,91
7/10/2001,92,PM10,7/11/2001,77
7/11/2001,84,PM10,7/12/2001,94
7/12/2001,77,PM10,7/13/2001,98
7/13/2001,69,PM10,7/14/2001,97
7/14/2001,62,PM10,7/15/2001,100
7/15/2001,83,PM10,7/16/2001,114
7/16/2001,101,PM10,7/17/2001,110
7/17/2001,98,PM10,7/18/2001,112
7/18/2001,89,PM10,7/19/2001,99
7/19/2001,82,PM10,7/20/2001,80
7/20/2001,105,PM10,7/21/2001,88
7/21/2001,79,PM10,7/22/2001,80
7/22/2001,48,--,7/23/2001,90
7/23/2001,119,PM10,7/24/2001,97
7/24/2001,126,PM10,7/25/2001,83
7/25/2001,44,--,7/26/2001,54
7/26/2001,42,--,7/27/2001,88
7/27/2001,86,PM10,7/28/2001,83
7/28/2001,68,PM10,7/29/2001,86
7/29/2001,93,PM10,7/30/2001,100
7/30/2001,89,PM10,7/31/2001,111
7/31/2001,76,PM10,8/1/2001,94
8/1/2001,54,PM10,8/2/2001,68
8/2/2001,53,PM10,8/3/2001,82
8/3/2001,35,--,8/4/2001,94
8/4/2001,65,PM10,8/5/2001,73
8/5/2001,108,PM10,8/6/2001,93
8/6/2001,114,PM10,8/7/2001,78
8/7/2001,90,PM10,8/8/2001,71
8/8/2001,63,PM10,8/9/2001,121
8/9/2001,79,PM10,8/10/2001,121
8/10/2001,102,PM10,8/11/2001,127
8/11/2001,100,PM10,8/12/2001,100
8/12/2001,107,PM10,8/13/2001,109
8/13/2001,81,PM10,8/14/2001,71
8/14/2001,79,PM10,8/15/2001,83
8/15/2001,116,PM10,8/16/2001,97
8/16/2001,98,PM10,8/17/2001,84
8/17/2001,96,PM10,8/18/2001,83
8/18/2001,94,PM10,8/19/2001,90
8/19/2001,63,PM10,8/20/2001,80
8/20/2001,39,--,8/21/2001,76
8/21/2001,81,PM10,8/22/2001,109
8/22/2001,73,PM10,8/23/2001,100
8/23/2001,66,PM10,8/24/2001,98
8/24/2001,52,PM10,8/25/2001,91
8/25/2001,64,PM10,8/26/2001,76
8/26/2001,61,PM10,8/27/2001,99
8/27/2001,83,PM10,8/28/2001,95
8/28/2001,85,PM10,8/29/2001,104
8/29/2001,99,PM10,8/30/2001,118
8/30/2001,97,PM10,8/31/2001,120
8/31/2001,93,PM10,9/1/2001,122
9/1/2001,86,PM10,9/2/2001,119
9/2/2001,105,PM10,9/3/2001,113
9/3/2001,98,PM10,9/4/2001,91
9/4/2001,109,PM10,9/5/2001,91
9/5/2001,92,PM10,9/6/2001,85
9/6/2001,68,PM10,9/7/2001,93
9/7/2001,92,PM10,9/8/2001,91
9/8/2001,72,PM10,9/9/2001,77
9/9/2001,64,PM10,9/10/2001,61
9/10/2001,88,PM10,9/11/2001,84
9/11/2001,97,PM10,9/12/2001,105
9/12/2001,102,PM10,9/13/2001,99
9/13/2001,103,PM10,9/14/2001,91
9/14/2001,120,PM10,9/15/2001,112
9/15/2001,94,PM10,9/16/2001,111
9/16/2001,95,PM10,9/17/2001,74
9/17/2001,93,PM10,9/18/2001,88
9/18/2001,56,PM10,9/19/2001,98
9/19/2001,98,PM10,9/20/2001,94
9/20/2001,81,PM10,9/21/2001,75
9/21/2001,100,PM10,9/22/2001,87
9/22/2001,75,PM10,9/23/2001,71
9/23/2001,84,PM10,9/24/2001,64
9/24/2001,91,PM10,9/25/2001,91
9/25/2001,70,PM10,9/26/2001,94
9/26/2001,96,PM10,9/27/2001,93
9/27/2001,128,PM10,9/28/2001,95
9/28/2001,92,PM10,9/29/2001,118
9/29/2001,107,PM10,9/30/2001,90
9/30/2001,95,PM10,10/1/2001,96
10/1/2001,63,PM10,10/2/2001,91
10/2/2001,115,PM10,10/3/2001,62
10/3/2001,69,PM10,10/4/2001,31
10/4/2001,47,--,10/5/2001,67
10/5/2001,86,PM10,10/6/2001,108
10/6/2001,122,PM10,10/7/2001,116
10/7/2001,104,PM10,10/8/2001,120
10/8/2001,122,PM10,10/9/2001,112
10/9/2001,49,--,10/10/2001,99
10/10/2001,36,--,10/11/2001,86
10/11/2001,83,PM10,10/12/2001,94
10/12/2001,107,PM10,10/13/2001,113
10/13/2001,126,PM10,10/14/2001,89
10/14/2001,126,PM10,10/15/2001,118
10/15/2001,78,PM10,10/16/2001,71
10/16/2001,72,PM10,10/17/2001,68
10/17/2001,76,PM10,10/18/2001,77
10/18/2001,87,PM10,10/19/2001,93
10/19/2001,143,PM10,10/20/2001,100
10/20/2001,259,PM10,10/21/2001,98
10/21/2001,183,PM10,10/22/2001,95
10/22/2001,276,PM10,10/23/2001,97
10/23/2001,232,PM10,10/24/2001,115
10/24/2001,167,PM10,10/25/2001,99
10/25/2001,105,PM10,10/26/2001,160
10/26/2001,129,PM10,10/27/2001,111
10/27/2001,140,PM10,10/28/2001,99
10/28/2001,61,PM10,10/29/2001,85
10/29/2001,85,PM10,10/30/2001,105
10/30/2001,155,PM10,10/31/2001,90
10/31/2001,148,PM10,11/1/2001,80
11/1/2001,38,--,11/2/2001,82
11/2/2001,106,PM10,11/3/2001,70
11/3/2001,134,PM10,11/4/2001,107
11/4/2001,57,PM10,11/5/2001,85
11/5/2001,51,PM10,11/6/2001,82
11/6/2001,68,PM10,11/7/2001,93
11/7/2001,129,PM10,11/8/2001,84
11/8/2001,158,PM10,11/9/2001,126
11/9/2001,85,PM10,11/10/2001,114
11/10/2001,121,PM10,11/11/2001,90
11/11/2001,161,PM10,11/12/2001,79
11/12/2001,94,PM10,11/13/2001,107
11/13/2001,58,PM10,11/14/2001,117
11/14/2001,57,SO2,11/15/2001,146
11/15/2001,71,SO2,11/16/2001,92
11/16/2001,105,PM10,11/17/2001,137
11/17/2001,66,SO2,11/18/2001,144
11/18/2001,117,PM10,11/19/2001,161
11/19/2001,87,PM10,11/20/2001,166
11/20/2001,88,PM10,11/21/2001,140
11/21/2001,131,PM10,11/22/2001,173
11/22/2001,151,PM10,11/23/2001,127
11/23/2001,310,PM10,11/24/2001,119
11/24/2001,161,PM10,11/25/2001,58
11/25/2001,23,--,11/26/2001,64
11/26/2001,52,PM10,11/27/2001,72
11/27/2001,82,SO2,11/28/2001,83
11/28/2001,128,PM10,11/29/2001,107
11/29/2001,115,PM10,11/30/2001,79
11/30/2001,63,SO2,12/1/2001,70
12/1/2001,94,PM10,12/2/2001,106
12/2/2001,102,SO2,12/3/2001,86
12/3/2001,96,SO2,12/4/2001,126
12/4/2001,107,PM10,12/5/2001,153
12/5/2001,89,PM10,12/6/2001,96
12/6/2001,59,PM10,12/7/2001,134
12/7/2001,100,SO2,12/8/2001,86
12/8/2001,136,PM10,12/9/2001,132
12/9/2001,137,PM10,12/10/2001,114
12/10/2001,119,PM10,12/11/2001,141
12/11/2001,112,PM10,12/12/2001,140
12/12/2001,186,PM10,12/13/2001,164
12/13/2001,192,PM10,12/14/2001,136
12/14/2001,83,PM10,12/15/2001,96
12/15/2001,97,SO2,12/16/2001,129
12/16/2001,113,PM10,12/17/2001,114
12/17/2001,109,PM10,12/18/2001,142
12/18/2001,89,SO2,12/19/2001,180
12/19/2001,106,SO2,12/20/2001,191
12/20/2001,119,PM10,12/21/2001,182
12/21/2001,62,PM10,12/22/2001,181
12/22/2001,79,SO2,12/23/2001,202
12/23/2001,58,SO2,12/24/2001,191
12/24/2001,61,PM10,12/25/2001,138
12/25/2001,64,SO2,12/26/2001,188
12/26/2001,108,SO2,12/27/2001,272
12/27/2001,101,SO2,12/28/2001,250
12/28/2001,82,SO2,12/29/2001,124
12/29/2001,85,PM10,12/30/2001,124
12/30/2001,98,SO2,12/31/2001,115
12/31/2001,132,PM10,1/1/2002,96
1/1/2002,88,SO2,1/2/2002,125
1/2/2002,97,SO2,1/3/2002,191
1/3/2002,116,PM10,1/4/2002,142
1/4/2002,111,PM10,1/5/2002,155
1/5/2002,81,PM10,1/6/2002,148
1/6/2002,78,PM10,1/7/2002,113
1/7/2002,138,PM10,1/8/2002,135
1/8/2002,100,SO2,1/9/2002,181
1/9/2002,157,PM10,1/10/2002,179
1/10/2002,349,PM10,1/11/2002,176
1/11/2002,196,PM10,1/12/2002,199
1/12/2002,190,PM10,1/13/2002,111
1/13/2002,100,SO2,1/14/2002,193
1/14/2002,103,SO2,1/15/2002,126
1/15/2002,160,PM10,1/16/2002,75
1/16/2002,97,PM10,1/17/2002,141
1/17/2002,103,SO2,1/18/2002,296
1/18/2002,123,PM10,1/19/2002,253
1/19/2002,137,PM10,1/20/2002,161
1/20/2002,268,PM10,1/21/2002,121
1/21/2002,52,PM10,1/22/2002,76
1/22/2002,44,--,1/23/2002,110
1/23/2002,66,SO2,1/24/2002,172
1/24/2002,106,SO2,1/25/2002,238
1/25/2002,94,SO2,1/26/2002,168
1/26/2002,96,SO2,1/27/2002,123
1/27/2002,58,SO2,1/28/2002,122
1/28/2002,62,SO2,1/29/2002,128
1/29/2002,56,SO2,1/30/2002,135
1/30/2002,62,PM10,1/31/2002,140
1/31/2002,109,PM10,2/1/2002,134
2/1/2002,96,SO2,2/2/2002,147
2/2/2002,95,SO2,2/3/2002,189
2/3/2002,126,PM10,2/4/2002,116
2/4/2002,161,PM10,2/5/2002,140
2/5/2002,138,PM10,2/6/2002,154
2/6/2002,106,PM10,2/7/2002,196
2/7/2002,99,SO2,2/8/2002,168
2/8/2002,113,PM10,2/9/2002,66
2/9/2002,80,SO2,2/10/2002,105
2/10/2002,90,SO2,2/11/2002,93
2/11/2002,86,PM10,2/12/2002,172
2/12/2002,142,PM10,2/13/2002,142
2/13/2002,93,PM10,2/14/2002,122
2/14/2002,125,PM10,2/15/2002,117
2/15/2002,135,PM10,2/16/2002,110
2/16/2002,138,PM10,2/17/2002,112
2/17/2002,111,PM10,2/18/2002,82
2/18/2002,70,SO2,2/19/2002,121
2/19/2002,101,SO2,2/20/2002,114
2/20/2002,153,PM10,2/21/2002,110
2/21/2002,146,PM10,2/22/2002,145
2/22/2002,97,PM10,2/23/2002,158
2/23/2002,82,SO2,2/24/2002,130
2/24/2002,99,PM10,2/25/2002,83
2/25/2002,131,PM10,2/26/2002,154
2/26/2002,88,PM10,2/27/2002,137
2/27/2002,74,SO2,2/28/2002,195
2/28/2002,96,PM10,3/1/2002,159
3/1/2002,133,PM10,3/2/2002,98
3/2/2002,105,PM10,3/3/2002,98
3/3/2002,86,PM10,3/4/2002,101
3/4/2002,105,PM10,3/5/2002,106
3/5/2002,89,PM10,3/6/2002,95
3/6/2002,70,PM10,3/7/2002,100
3/7/2002,87,PM10,3/8/2002,84
3/8/2002,109,PM10,3/9/2002,122
3/9/2002,161,PM10,3/10/2002,138
3/10/2002,83,PM10,3/11/2002,109
3/11/2002,129,PM10,3/12/2002,184
3/12/2002,107,PM10,3/13/2002,148
3/13/2002,89,PM10,3/14/2002,136
3/14/2002,186,PM10,3/15/2002,111
3/15/2002,108,PM10,3/16/2002,115
3/16/2002,500,PM10,3/17/2002,333
3/17/2002,188,PM10,3/18/2002,196
3/18/2002,102,PM10,3/19/2002,174
3/19/2002,139,PM10,3/20/2002,98
3/20/2002,155,PM10,3/21/2002,398
3/21/2002,500,PM10,3/22/2002,431
3/22/2002,370,PM10,3/23/2002,94
3/23/2002,164,PM10,3/24/2002,107
3/24/2002,105,PM10,3/25/2002,114
3/25/2002,156,PM10,3/26/2002,138
3/26/2002,180,PM10,3/27/2002,142
3/27/2002,105,PM10,3/28/2002,124
3/28/2002,126,PM10,3/29/2002,152
3/29/2002,120,PM10,3/30/2002,104
3/30/2002,122,PM10,3/31/2002,110
3/31/2002,118,PM10,4/1/2002,179
4/1/2002,188,PM10,4/2/2002,451
4/2/2002,260,PM10,4/3/2002,215
4/3/2002,296,PM10,4/4/2002,149
4/4/2002,118,PM10,4/5/2002,113
4/5/2002,132,PM10,4/6/2002,87
4/6/2002,80,PM10,4/7/2002,500
4/7/2002,500,PM10,4/8/2002,500
4/8/2002,500,PM10,4/9/2002,172
4/9/2002,253,PM10,4/10/2002,82
4/10/2002,67,PM10,4/11/2002,82
4/11/2002,110,PM10,4/12/2002,99
4/12/2002,187,PM10,4/13/2002,97
4/13/2002,133,PM10,4/14/2002,135
4/14/2002,246,PM10,4/15/2002,133
4/15/2002,324,PM10,4/16/2002,126
4/16/2002,225,PM10,4/17/2002,387
4/17/2002,120,PM10,4/18/2002,373
4/18/2002,121,PM10,4/19/2002,184
4/19/2002,131,PM10,4/20/2002,129
4/20/2002,148,PM10,4/21/2002,83
4/21/2002,174,PM10,4/22/2002,73
4/22/2002,106,PM10,4/23/2002,53
4/23/2002,32,--,4/24/2002,90
4/24/2002,86,PM10,4/25/2002,90
4/25/2002,92,PM10,4/26/2002,100
4/26/2002,117,PM10,4/27/2002,102
4/27/2002,110,PM10,4/28/2002,118
4/28/2002,90,PM10,4/29/2002,73
4/29/2002,86,PM10,4/30/2002,115
4/30/2002,106,PM10,5/1/2002,107
5/1/2002,84,PM10,5/2/2002,102
5/2/2002,76,PM10,5/3/2002,72
5/3/2002,92,PM10,5/4/2002,84
5/4/2002,85,PM10,5/5/2002,94
5/5/2002,79,PM10,5/6/2002,72
5/6/2002,72,PM10,5/7/2002,136
5/7/2002,92,PM10,5/8/2002,102
5/8/2002,99,PM10,5/9/2002,102
5/9/2002,105,PM10,5/10/2002,133
5/10/2002,105,PM10,5/11/2002,125
5/11/2002,78,PM10,5/12/2002,74
5/12/2002,125,PM10,5/13/2002,87
5/13/2002,113,PM10,5/14/2002,121
5/14/2002,90,PM10,5/15/2002,122
5/15/2002,89,PM10,5/16/2002,96
5/16/2002,99,PM10,5/17/2002,76
5/17/2002,94,PM10,5/18/2002,96
5/18/2002,109,PM10,5/19/2002,120
5/19/2002,105,PM10,5/20/2002,100
5/20/2002,115,PM10,5/21/2002,125
5/21/2002,110,PM10,5/22/2002,100
5/22/2002,54,PM10,5/23/2002,73
5/23/2002,76,PM10,5/24/2002,100
5/24/2002,83,PM10,5/25/2002,82
5/25/2002,75,PM10,5/26/2002,79
5/26/2002,89,PM10,5/27/2002,94
5/27/2002,97,PM10,5/28/2002,106
5/28/2002,113,PM10,5/29/2002,118
5/29/2002,106,PM10,5/30/2002,84
5/30/2002,86,PM10,5/31/2002,86
5/31/2002,108,PM10,6/1/2002,89
6/1/2002,115,PM10,6/2/2002,97
6/2/2002,106,PM10,6/3/2002,112
6/3/2002,99,PM10,6/4/2002,86
6/4/2002,151,PM10,6/5/2002,108
6/5/2002,118,PM10,6/6/2002,90
6/6/2002,139,PM10,6/7/2002,89
6/7/2002,161,PM10,6/8/2002,85
6/8/2002,77,PM10,6/9/2002,91
6/9/2002,72,PM10,6/10/2002,73
6/10/2002,36,--,6/11/2002,76
6/11/2002,81,PM10,6/12/2002,69
6/12/2002,67,PM10,6/13/2002,53
6/13/2002,56,PM10,6/14/2002,56
6/14/2002,73,PM10,6/15/2002,94
6/15/2002,75,PM10,6/16/2002,93
6/16/2002,80,PM10,6/17/2002,90
6/17/2002,122,PM10,6/18/2002,98
6/18/2002,141,PM10,6/19/2002,93
6/19/2002,142,PM10,6/20/2002,62
6/20/2002,77,PM10,6/21/2002,77
6/21/2002,68,PM10,6/22/2002,59
6/22/2002,77,PM10,6/23/2002,87
6/23/2002,50,--,6/24/2002,74
6/24/2002,51,PM10,6/25/2002,86
6/25/2002,40,--,6/26/2002,100
6/26/2002,46,--,6/27/2002,90
6/27/2002,65,PM10,6/28/2002,87
6/28/2002,110,PM10,6/29/2002,85
6/29/2002,104,PM10,6/30/2002,90
6/30/2002,85,PM10,7/1/2002,94
7/1/2002,126,PM10,7/2/2002,87
7/2/2002,88,PM10,7/3/2002,99
7/3/2002,112,PM10,7/4/2002,106
7/4/2002,108,PM10,7/5/2002,97
7/5/2002,98,PM10,7/6/2002,89
7/6/2002,88,PM10,7/7/2002,68
7/7/2002,68,PM10,7/8/2002,66
7/8/2002,87,PM10,7/9/2002,71
7/9/2002,83,PM10,7/10/2002,85
7/10/2002,87,PM10,7/11/2002,89
7/11/2002,127,PM10,7/12/2002,98
7/12/2002,111,PM10,7/13/2002,84
7/13/2002,108,PM10,7/14/2002,77
7/14/2002,91,PM10,7/15/2002,78
7/15/2002,89,PM10,7/16/2002,71
7/16/2002,75,PM10,7/17/2002,93
7/17/2002,88,PM10,7/18/2002,100
7/18/2002,76,PM10,7/19/2002,99
7/19/2002,62,PM10,7/20/2002,82
7/20/2002,55,PM10,7/21/2002,113
7/21/2002,66,PM10,7/22/2002,100
7/22/2002,67,PM10,7/23/2002,94
7/23/2002,62,PM10,7/24/2002,81
7/24/2002,113,PM10,7/25/2002,93
7/25/2002,81,PM10,7/26/2002,93
7/26/2002,66,PM10,7/27/2002,91
7/27/2002,86,PM10,7/28/2002,100
7/28/2002,47,--,7/29/2002,81
7/29/2002,44,--,7/30/2002,78
7/30/2002,79,PM10,7/31/2002,98
7/31/2002,137,PM10,8/1/2002,110
8/1/2002,160,PM10,8/2/2002,122
8/2/2002,89,PM10,8/3/2002,110
8/3/2002,96,PM10,8/4/2002,72
8/4/2002,63,PM10,8/5/2002,57
8/5/2002,53,PM10,8/6/2002,68
8/6/2002,50,--,8/7/2002,50
8/7/2002,44,--,8/8/2002,54
8/8/2002,74,PM10,8/9/2002,55
8/9/2002,64,PM10,8/10/2002,69
8/10/2002,72,PM10,8/11/2002,79
8/11/2002,94,PM10,8/12/2002,83
8/12/2002,71,PM10,8/13/2002,97
8/13/2002,124,PM10,8/14/2002,90
8/14/2002,129,PM10,8/15/2002,93
8/15/2002,155,PM10,8/16/2002,161
8/16/2002,156,PM10,8/17/2002,152
8/17/2002,125,PM10,8/18/2002,88
8/18/2002,130,PM10,8/19/2002,59
8/19/2002,66,PM10,8/20/2002,74
8/20/2002,91,PM10,8/21/2002,110
8/21/2002,114,PM10,8/22/2002,107
8/22/2002,112,PM10,8/23/2002,69
8/23/2002,102,PM10,8/24/2002,69
8/24/2002,72,PM10,8/25/2002,91
8/25/2002,76,PM10,8/26/2002,105
8/26/2002,77,PM10,8/27/2002,105
8/27/2002,86,PM10,8/28/2002,128
8/28/2002,92,PM10,8/29/2002,97
8/29/2002,108,PM10,8/30/2002,119
8/30/2002,100,PM10,8/31/2002,130
8/31/2002,122,PM10,9/1/2002,142
9/1/2002,164,PM10,9/2/2002,154
9/2/2002,111,PM10,9/3/2002,85
9/3/2002,52,PM10,9/4/2002,84
9/4/2002,70,PM10,9/5/2002,100
9/5/2002,59,PM10,9/6/2002,104
9/6/2002,82,PM10,9/7/2002,100
9/7/2002,96,PM10,9/8/2002,78
9/8/2002,92,PM10,9/9/2002,72
9/9/2002,124,PM10,9/10/2002,144
9/10/2002,98,PM10,9/11/2002,114
9/11/2002,45,--,9/12/2002,133
9/12/2002,37,--,9/13/2002,145
9/13/2002,81,PM10,9/14/2002,118
9/14/2002,90,PM10,9/15/2002,111
9/15/2002,98,PM10,9/16/2002,113
9/16/2002,97,PM10,9/17/2002,99
9/17/2002,111,PM10,9/18/2002,94
9/18/2002,125,PM10,9/19/2002,66
9/19/2002,83,PM10,9/20/2002,79
9/20/2002,41,--,9/21/2002,99
9/21/2002,87,PM10,9/22/2002,92
9/22/2002,56,PM10,9/23/2002,100
9/23/2002,72,PM10,9/24/2002,97
9/24/2002,105,PM10,9/25/2002,97
9/25/2002,182,PM10,9/26/2002,77
9/26/2002,183,PM10,9/27/2002,88
9/27/2002,70,PM10,9/28/2002,90
9/28/2002,44,--,9/29/2002,161
9/29/2002,62,PM10,9/30/2002,117
9/30/2002,100,PM10,10/1/2002,67
10/1/2002,121,PM10,10/2/2002,68
10/2/2002,62,PM10,10/3/2002,56
10/3/2002,70,PM10,10/4/2002,78
10/4/2002,99,PM10,10/5/2002,78
10/5/2002,89,PM10,10/6/2002,81
10/6/2002,52,PM10,10/7/2002,58
10/7/2002,37,--,10/8/2002,94
10/8/2002,64,PM10,10/9/2002,90
10/9/2002,135,PM10,10/10/2002,88
10/10/2002,232,PM10,10/11/2002,81
10/11/2002,365,PM10,10/12/2002,89
10/12/2002,198,PM10,10/13/2002,88
10/13/2002,53,PM10,10/14/2002,79
10/14/2002,121,PM10,10/15/2002,48
10/15/2002,83,PM10,10/16/2002,84
10/16/2002,100,PM10,10/17/2002,119
10/17/2002,169,PM10,10/18/2002,40
10/18/2002,75,PM10,10/19/2002,57
10/19/2002,29,--,10/20/2002,66
10/20/2002,72,PM10,10/21/2002,63
10/21/2002,51,PM10,10/22/2002,76
10/22/2002,50,--,10/23/2002,90
10/23/2002,95,PM10,10/24/2002,57
10/24/2002,88,PM10,10/25/2002,61
10/25/2002,63,PM10,10/26/2002,83
10/26/2002,59,PM10,10/27/2002,61
10/27/2002,30,--,10/28/2002,64
10/28/2002,48,--,10/29/2002,92
10/29/2002,109,PM10,10/30/2002,98
10/30/2002,146,PM10,10/31/2002,147
10/31/2002,76,PM10,11/1/2002,68
11/1/2002,33,--,11/2/2002,86
11/2/2002,52,PM10,11/3/2002,70
11/3/2002,54,PM10,11/4/2002,81
11/4/2002,70,PM10,11/5/2002,95
11/5/2002,107,PM10,11/6/2002,161
11/6/2002,96,PM10,11/7/2002,135
11/7/2002,76,PM10,11/8/2002,69
11/8/2002,37,--,11/9/2002,94
11/9/2002,94,PM10,11/10/2002,99
11/10/2002,182,PM10,11/11/2002,246
11/11/2002,452,PM10,11/12/2002,95
11/12/2002,66,PM10,11/13/2002,77
11/13/2002,56,PM10,11/14/2002,94
11/14/2002,80,PM10,11/15/2002,91
11/15/2002,85,PM10,11/16/2002,117
11/16/2002,104,PM10,11/17/2002,97
11/17/2002,43,--,11/18/2002,79
11/18/2002,52,SO2,11/19/2002,97
11/19/2002,115,PM10,11/20/2002,105
11/20/2002,143,PM10,11/21/2002,102
11/21/2002,75,PM10,11/22/2002,118
11/22/2002,110,PM10,11/23/2002,89
11/23/2002,134,PM10,11/24/2002,98
11/24/2002,129,PM10,11/25/2002,181
11/25/2002,153,PM10,11/26/2002,92
11/26/2002,54,SO2,11/27/2002,159
11/27/2002,114,PM10,11/28/2002,96
11/28/2002,145,PM10,11/29/2002,155
11/29/2002,87,PM10,11/30/2002,106
11/30/2002,138,PM10,12/1/2002,149
12/1/2002,198,PM10,12/2/2002,295
12/2/2002,273,PM10,12/3/2002,100
12/3/2002,395,PM10,12/4/2002,85
12/4/2002,498,PM10,12/5/2002,88
12/5/2002,97,PM10,12/6/2002,135
12/6/2002,112,PM10,12/7/2002,74
12/7/2002,97,PM10,12/8/2002,65
12/8/2002,86,PM10,12/9/2002,80
12/9/2002,97,PM10,12/10/2002,67
12/10/2002,99,PM10,12/11/2002,93
12/11/2002,181,PM10,12/12/2002,85
12/12/2002,151,PM10,12/13/2002,130
12/13/2002,135,PM10,12/14/2002,97
12/14/2002,193,PM10,12/15/2002,98
12/15/2002,153,PM10,12/16/2002,89
12/16/2002,95,SO2,12/17/2002,118
12/17/2002,91,PM10,12/18/2002,76
12/18/2002,137,PM10,12/19/2002,148
12/19/2002,98,PM10,12/20/2002,167
12/20/2002,77,SO2,12/21/2002,124
12/21/2002,95,SO2,12/22/2002,111
12/22/2002,96,SO2,12/23/2002,99
12/23/2002,83,SO2,12/24/2002,98
12/24/2002,71,SO2,12/25/2002,100
12/25/2002,53,SO2,12/26/2002,189
12/26/2002,69,SO2,12/27/2002,141
12/27/2002,75,SO2,12/28/2002,99
12/28/2002,106,SO2,12/29/2002,142
12/29/2002,90,SO2,12/30/2002,159
12/30/2002,106,SO2,12/31/2002,180
12/31/2002,64,PM10,1/1/2003,174
1/1/2003,105,SO2,1/2/2003,133
1/2/2003,100,SO2,1/3/2003,99
1/3/2003,69,PM10,1/4/2003,85
1/4/2003,55,SO2,1/5/2003,91
1/5/2003,65,SO2,1/6/2003,141
1/6/2003,112,SO2,1/7/2003,215
1/7/2003,83,SO2,1/8/2003,131
1/8/2003,131,PM10,1/9/2003,100
1/9/2003,151,PM10,1/10/2003,184
1/10/2003,93,SO2,1/11/2003,99
1/11/2003,97,SO2,1/12/2003,99
1/12/2003,104,SO2,1/13/2003,115
1/13/2003,92,SO2,1/14/2003,90
1/14/2003,53,SO2,1/15/2003,99
1/15/2003,105,SO2,1/16/2003,88
1/16/2003,159,PM10,1/17/2003,95
1/17/2003,106,PM10,1/18/2003,130
1/18/2003,89,PM10,1/19/2003,100
1/19/2003,88,SO2,1/20/2003,95
1/20/2003,87,SO2,1/21/2003,97
1/21/2003,99,SO2,1/22/2003,98
1/22/2003,117,PM10,1/23/2003,88
1/23/2003,72,SO2,1/24/2003,157
1/24/2003,109,PM10,1/25/2003,172
1/25/2003,91,PM10,1/26/2003,99
1/26/2003,100,SO2,1/27/2003,71
1/27/2003,48,--,1/28/2003,98
1/28/2003,58,SO2,1/29/2003,81
1/29/2003,65,SO2,1/30/2003,114
1/30/2003,105,SO2,1/31/2003,98
1/31/2003,87,SO2,2/1/2003,173
2/1/2003,148,PM10,2/2/2003,160
2/2/2003,109,PM10,2/3/2003,171
2/3/2003,96,SO2,2/4/2003,148
2/4/2003,87,SO2,2/5/2003,93
2/5/2003,56,SO2,2/6/2003,83
2/6/2003,105,SO2,2/7/2003,90
2/7/2003,126,PM10,2/8/2003,142
2/8/2003,164,PM10,2/9/2003,127
2/9/2003,113,PM10,2/10/2003,100
2/10/2003,54,SO2,2/11/2003,69
2/11/2003,47,--,2/12/2003,82
2/12/2003,93,SO2,2/13/2003,93
2/13/2003,83,SO2,2/14/2003,98
2/14/2003,91,SO2,2/15/2003,99
2/15/2003,135,PM10,2/16/2003,96
2/16/2003,65,SO2,2/17/2003,130
2/17/2003,100,PM10,2/18/2003,140
2/18/2003,147,PM10,2/19/2003,97
2/19/2003,56,SO2,2/20/2003,98
2/20/2003,89,PM10,2/21/2003,85
2/21/2003,107,PM10,2/22/2003,99
2/22/2003,99,PM10,2/23/2003,100
2/23/2003,124,PM10,2/24/2003,100
2/24/2003,152,PM10,2/25/2003,119
2/25/2003,115,PM10,2/26/2003,99
2/26/2003,87,PM10,2/27/2003,95
2/27/2003,76,PM10,2/28/2003,100
2/28/2003,93,PM10,3/1/2003,133
3/1/2003,172,PM10,3/2/2003,98
3/2/2003,235,PM10,3/3/2003,84
3/3/2003,65,PM10,3/4/2003,92
3/4/2003,55,SO2,3/5/2003,135
3/5/2003,93,PM10,3/6/2003,95
3/6/2003,96,PM10,3/7/2003,141
3/7/2003,127,PM10,3/8/2003,83
3/8/2003,71,SO2,3/9/2003,96
3/9/2003,88,PM10,3/10/2003,143
3/10/2003,81,PM10,3/11/2003,97
3/11/2003,115,PM10,3/12/2003,95
3/12/2003,54,SO2,3/13/2003,65
3/13/2003,94,PM10,3/14/2003,99
3/14/2003,92,PM10,3/15/2003,97
3/15/2003,98,PM10,3/16/2003,90
3/16/2003,90,PM10,3/17/2003,72
3/17/2003,73,PM10,3/18/2003,88
3/18/2003,69,SO2,3/19/2003,100
3/19/2003,156,PM10,3/20/2003,120
3/20/2003,93,PM10,3/21/2003,117
3/21/2003,37,--,3/22/2003,142
3/22/2003,92,PM10,3/23/2003,99
3/23/2003,114,PM10,3/24/2003,100
3/24/2003,124,PM10,3/25/2003,111
3/25/2003,108,PM10,3/26/2003,85
3/26/2003,106,PM10,3/27/2003,163
3/27/2003,39,--,3/28/2003,97
3/28/2003,66,PM10,3/29/2003,91
3/29/2003,126,PM10,3/30/2003,91
3/30/2003,282,PM10,3/31/2003,122
3/31/2003,136,PM10,4/1/2003,86
4/1/2003,92,PM10,4/2/2003,97
4/2/2003,54,PM10,4/3/2003,85
4/3/2003,81,PM10,4/4/2003,88
4/4/2003,89,PM10,4/5/2003,122
4/5/2003,115,PM10,4/6/2003,99
4/6/2003,108,PM10,4/7/2003,98
4/7/2003,100,PM10,4/8/2003,98
4/8/2003,55,PM10,4/9/2003,94
4/9/2003,75,PM10,4/10/2003,121
4/10/2003,88,PM10,4/11/2003,73
4/11/2003,94,PM10,4/12/2003,95
4/12/2003,143,PM10,4/13/2003,155
4/13/2003,62,PM10,4/14/2003,99
4/14/2003,138,PM10,4/15/2003,174
4/15/2003,187,PM10,4/16/2003,137
4/16/2003,157,PM10,4/17/2003,94
4/17/2003,154,PM10,4/18/2003,98
4/18/2003,56,PM10,4/19/2003,60
4/19/2003,54,PM10,4/20/2003,59
4/20/2003,57,PM10,4/21/2003,92
4/21/2003,46,--,4/22/2003,85
4/22/2003,82,PM10,4/23/2003,73
4/23/2003,120,PM10,4/24/2003,108
4/24/2003,179,PM10,4/25/2003,170
4/25/2003,138,PM10,4/26/2003,139
4/26/2003,147,PM10,4/27/2003,100
4/27/2003,105,PM10,4/28/2003,105
4/28/2003,147,PM10,4/29/2003,79
4/29/2003,106,PM10,4/30/2003,183
4/30/2003,95,PM10,5/1/2003,89
5/1/2003,107,PM10,5/2/2003,98
5/2/2003,102,PM10,5/3/2003,93
5/3/2003,120,PM10,5/4/2003,95
5/4/2003,117,PM10,5/5/2003,118
5/5/2003,87,PM10,5/6/2003,123
5/6/2003,71,PM10,5/7/2003,95
5/7/2003,58,PM10,5/8/2003,91
5/8/2003,95,PM10,5/9/2003,87
5/9/2003,117,PM10,5/10/2003,93
5/10/2003,142,PM10,5/11/2003,95
5/11/2003,104,PM10,5/12/2003,89
5/12/2003,124,PM10,5/13/2003,96
5/13/2003,100,PM10,5/14/2003,95
5/14/2003,82,PM10,5/15/2003,85
5/15/2003,77,PM10,5/16/2003,98
5/16/2003,70,PM10,5/17/2003,97
5/17/2003,34,--,5/18/2003,86
5/18/2003,60,PM10,5/19/2003,85
5/19/2003,83,PM10,5/20/2003,126
5/20/2003,107,PM10,5/21/2003,198
5/21/2003,126,PM10,5/22/2003,140
5/22/2003,93,PM10,5/23/2003,96
5/23/2003,100,PM10,5/24/2003,94
5/24/2003,96,PM10,5/25/2003,91
5/25/2003,87,PM10,5/26/2003,88
5/26/2003,116,PM10,5/27/2003,99
5/27/2003,111,PM10,5/28/2003,86
5/28/2003,90,PM10,5/29/2003,67
5/29/2003,68,PM10,5/30/2003,87
5/30/2003,96,PM10,5/31/2003,97
5/31/2003,86,PM10,6/1/2003,94
6/1/2003,131,PM10,6/2/2003,97
6/2/2003,110,PM10,6/3/2003,88
6/3/2003,119,PM10,6/4/2003,99
6/4/2003,126,PM10,6/5/2003,88
6/5/2003,67,PM10,6/6/2003,81
6/6/2003,86,PM10,6/7/2003,86
6/7/2003,81,PM10,6/8/2003,82
6/8/2003,104,PM10,6/9/2003,62
6/9/2003,71,PM10,6/10/2003,65
6/10/2003,35,--,6/11/2003,80
6/11/2003,57,PM10,6/12/2003,77
6/12/2003,56,PM10,6/13/2003,72
6/13/2003,57,PM10,6/14/2003,67
6/14/2003,40,--,6/15/2003,67
6/15/2003,72,PM10,6/16/2003,91
6/16/2003,96,PM10,6/17/2003,82
6/17/2003,137,PM10,6/18/2003,90
6/18/2003,180,PM10,6/19/2003,93
6/19/2003,171,PM10,6/20/2003,93
6/20/2003,167,PM10,6/21/2003,95
6/21/2003,173,PM10,6/22/2003,85
6/22/2003,124,PM10,6/23/2003,89
6/23/2003,79,PM10,6/24/2003,48
6/24/2003,29,--,6/25/2003,59
6/25/2003,76,PM10,6/26/2003,96
6/26/2003,96,PM10,6/27/2003,72
6/27/2003,89,PM10,6/28/2003,90
6/28/2003,67,PM10,6/29/2003,68
6/29/2003,51,PM10,6/30/2003,71
6/30/2003,92,PM10,7/1/2003,100
7/1/2003,94,PM10,7/2/2003,92
7/2/2003,100,PM10,7/3/2003,86
7/3/2003,129,PM10,7/4/2003,68
7/4/2003,128,PM10,7/5/2003,69
7/5/2003,44,--,7/6/2003,91
7/6/2003,64,PM10,7/7/2003,95
7/7/2003,59,PM10,7/8/2003,76
7/8/2003,75,PM10,7/9/2003,64
7/9/2003,41,--,7/10/2003,82
7/10/2003,85,PM10,7/11/2003,91
7/11/2003,91,PM10,7/12/2003,94
7/12/2003,125,PM10,7/13/2003,84
7/13/2003,108,PM10,7/14/2003,88
7/14/2003,116,PM10,7/15/2003,92
7/15/2003,135,PM10,7/16/2003,100
7/16/2003,111,PM10,7/17/2003,92
7/17/2003,95,PM10,7/18/2003,90
7/18/2003,79,PM10,7/19/2003,56
7/19/2003,75,PM10,7/20/2003,90
7/20/2003,104,PM10,7/21/2003,91
7/21/2003,82,PM10,7/22/2003,99
7/22/2003,80,PM10,7/23/2003,75
7/23/2003,99,PM10,7/24/2003,97
7/24/2003,110,PM10,7/25/2003,75
7/25/2003,96,PM10,7/26/2003,75
7/26/2003,163,PM10,7/27/2003,52
7/27/2003,126,PM10,7/28/2003,39
7/28/2003,69,PM10,7/29/2003,82
7/29/2003,98,PM10,7/30/2003,92
7/30/2003,68,PM10,7/31/2003,93
7/31/2003,75,PM10,8/1/2003,61
8/1/2003,109,PM10,8/2/2003,66
8/2/2003,75,PM10,8/3/2003,77
8/3/2003,102,PM10,8/4/2003,97
8/4/2003,115,PM10,8/5/2003,91
8/5/2003,110,PM10,8/6/2003,65
8/6/2003,93,PM10,8/7/2003,44
8/7/2003,80,PM10,8/8/2003,81
8/8/2003,65,PM10,8/9/2003,80
8/9/2003,64,PM10,8/10/2003,47
8/10/2003,64,PM10,8/11/2003,81
8/11/2003,58,PM10,8/12/2003,83
8/12/2003,79,PM10,8/13/2003,92
8/13/2003,123,PM10,8/14/2003,94
8/14/2003,87,PM10,8/15/2003,92
8/15/2003,88,PM10,8/16/2003,78
8/16/2003,89,PM10,8/17/2003,68
8/17/2003,86,PM10,8/18/2003,65
8/18/2003,91,PM10,8/19/2003,68
8/19/2003,132,PM10,8/20/2003,89
8/20/2003,85,PM10,8/21/2003,92
8/21/2003,96,PM10,8/22/2003,60
8/22/2003,90,PM10,8/23/2003,72
8/23/2003,78,PM10,8/24/2003,60
8/24/2003,79,PM10,8/25/2003,75
8/25/2003,76,PM10,8/26/2003,94
8/26/2003,84,PM10,8/27/2003,87
8/27/2003,88,PM10,8/28/2003,59
8/28/2003,57,PM10,8/29/2003,48
8/29/2003,44,--,8/30/2003,79
8/30/2003,78,PM10,8/31/2003,87
8/31/2003,95,PM10,9/1/2003,95
9/1/2003,93,PM10,9/2/2003,80
9/2/2003,86,PM10,9/3/2003,72
9/3/2003,108,PM10,9/4/2003,81
9/4/2003,124,PM10,9/5/2003,67
9/5/2003,70,PM10,9/6/2003,63
9/6/2003,113,PM10,9/7/2003,89
9/7/2003,82,PM10,9/8/2003,85
9/8/2003,111,PM10,9/9/2003,92
9/9/2003,59,PM10,9/10/2003,79
9/10/2003,60,PM10,9/11/2003,68
9/11/2003,89,PM10,9/12/2003,99
9/12/2003,132,PM10,9/13/2003,97
9/13/2003,133,PM10,9/14/2003,64
9/14/2003,112,PM10,9/15/2003,83
9/15/2003,69,PM10,9/16/2003,91
9/16/2003,132,PM10,9/17/2003,93
9/17/2003,75,PM10,9/18/2003,64
9/18/2003,37,--,9/19/2003,58
9/19/2003,37,--,9/20/2003,84
9/20/2003,79,PM10,9/21/2003,92
9/21/2003,89,PM10,9/22/2003,97
9/22/2003,121,PM10,9/23/2003,65
9/23/2003,74,PM10,9/24/2003,62
9/24/2003,88,PM10,9/25/2003,63
9/25/2003,100,PM10,9/26/2003,79
9/26/2003,66,PM10,9/27/2003,81
9/27/2003,32,--,9/28/2003,100
9/28/2003,73,PM10,9/29/2003,98
9/29/2003,92,PM10,9/30/2003,100
9/30/2003,57,PM10,10/1/2003,64
10/1/2003,67,PM10,10/2/2003,48
10/2/2003,34,--,10/3/2003,41
10/3/2003,45,--,10/4/2003,76
10/4/2003,79,PM10,10/5/2003,93
10/5/2003,115,PM10,10/6/2003,98
10/6/2003,153,PM10,10/7/2003,66
10/7/2003,127,PM10,10/8/2003,69
10/8/2003,116,PM10,10/9/2003,63
10/9/2003,152,PM10,10/10/2003,79
10/10/2003,130,PM10,10/11/2003,41
10/11/2003,24,--,10/12/2003,23
10/12/2003,17,--,10/13/2003,67
10/13/2003,60,PM10,10/14/2003,97
10/14/2003,56,PM10,10/15/2003,66
10/15/2003,51,PM10,10/16/2003,69
10/16/2003,56,PM10,10/17/2003,82
10/17/2003,80,PM10,10/18/2003,60
10/18/2003,56,PM10,10/19/2003,75
10/19/2003,98,PM10,10/20/2003,93
10/20/2003,145,PM10,10/21/2003,83
10/21/2003,121,PM10,10/22/2003,63
10/22/2003,41,--,10/23/2003,53
10/23/2003,86,PM10,10/24/2003,89
10/24/2003,121,PM10,10/25/2003,76
10/25/2003,69,PM10,10/26/2003,85
10/26/2003,116,PM10,10/27/2003,95
10/27/2003,165,PM10,10/28/2003,54
10/28/2003,80,PM10,10/29/2003,94
10/29/2003,120,PM10,10/30/2003,99
10/30/2003,171,PM10,10/31/2003,117
10/31/2003,289,PM10,11/1/2003,92
11/1/2003,500,PM10,11/2/2003,75
11/2/2003,181,PM10,11/3/2003,58
11/3/2003,28,--,11/4/2003,67
11/4/2003,92,PM10,11/5/2003,64
11/5/2003,146,PM10,11/6/2003,62
11/6/2003,44,--,11/7/2003,46
11/7/2003,22,--,11/8/2003,69
11/8/2003,25,--,11/9/2003,99
11/9/2003,51,PM10,11/10/2003,123
11/10/2003,74,PM10,11/11/2003,98
11/11/2003,51,PM10,11/12/2003,98
11/12/2003,106,PM10,11/13/2003,140
11/13/2003,149,PM10,11/14/2003,89
11/14/2003,213,PM10,11/15/2003,94
11/15/2003,130,PM10,11/16/2003,97
11/16/2003,32,--,11/17/2003,96
11/17/2003,116,PM10,11/18/2003,84
11/18/2003,162,PM10,11/19/2003,130
11/19/2003,173,PM10,11/20/2003,132
11/20/2003,118,PM10,11/21/2003,72
11/21/2003,20,--,11/22/2003,64
11/22/2003,85,PM10,11/23/2003,96
11/23/2003,161,PM10,11/24/2003,82
11/24/2003,186,PM10,11/25/2003,69
11/25/2003,147,PM10,11/26/2003,76
11/26/2003,57,PM10,11/27/2003,100
11/27/2003,88,PM10,11/28/2003,299
11/28/2003,107,PM10,11/29/2003,146
11/29/2003,159,PM10,11/30/2003,96
11/30/2003,147,PM10,12/1/2003,158
12/1/2003,153,PM10,12/2/2003,97
12/2/2003,135,PM10,12/3/2003,99
12/3/2003,99,PM10,12/4/2003,95
12/4/2003,92,PM10,12/5/2003,112
12/5/2003,109,PM10,12/6/2003,92
12/6/2003,99,PM10,12/7/2003,96
12/7/2003,57,SO2,12/8/2003,77
12/8/2003,64,PM10,12/9/2003,118
12/9/2003,79,SO2,12/10/2003,191
12/10/2003,143,PM10,12/11/2003,169
12/11/2003,93,PM10,12/12/2003,86
12/12/2003,52,SO2,12/13/2003,96
12/13/2003,95,SO2,12/14/2003,100
12/14/2003,141,PM10,12/15/2003,92
12/15/2003,59,SO2,12/16/2003,137
12/16/2003,109,PM10,12/17/2003,87
12/17/2003,58,PM10,12/18/2003,131
12/18/2003,60,SO2,12/19/2003,76
12/19/2003,52,PM10,12/20/2003,142
12/20/2003,71,SO2,12/21/2003,132
12/21/2003,110,PM10,12/22/2003,129
12/22/2003,107,PM10,12/23/2003,194
12/23/2003,114,PM10,12/24/2003,170
12/24/2003,98,PM10,12/25/2003,249
12/25/2003,96,PM10,12/26/2003,96
12/26/2003,48,--,12/27/2003,112
12/27/2003,89,SO2,12/28/2003,85
12/28/2003,130,PM10,12/29/2003,96
12/29/2003,90,PM10,12/30/2003,132
12/30/2003,106,PM10,12/31/2003,87
12/31/2003,111,PM10,1/1/2004,108
1/1/2004,128,PM10,1/2/2004,99
1/2/2004,83,SO2,1/3/2004,118
1/3/2004,60,SO2,1/4/2004,99
1/4/2004,109,PM10,1/5/2004,197
1/5/2004,137,PM10,1/6/2004,194
1/6/2004,147,PM10,1/7/2004,148
1/7/2004,99,SO2,1/8/2004,94
1/8/2004,73,SO2,1/9/2004,82
1/9/2004,126,PM10,1/10/2004,72
1/10/2004,73,SO2,1/11/2004,99
1/11/2004,72,SO2,1/12/2004,95
1/12/2004,87,PM10,1/13/2004,97
1/13/2004,85,SO2,1/14/2004,155
1/14/2004,115,PM10,1/15/2004,142
1/15/2004,121,PM10,1/16/2004,93
1/16/2004,97,SO2,1/17/2004,99
1/17/2004,109,SO2,1/18/2004,91
1/18/2004,74,SO2,1/19/2004,123
1/19/2004,52,SO2,1/20/2004,53
1/20/2004,49,--,1/21/2004,64
1/21/2004,41,--,1/22/2004,99
1/22/2004,64,SO2,1/23/2004,86
1/23/2004,80,SO2,1/24/2004,71
1/24/2004,38,--,1/25/2004,89
1/25/2004,58,SO2,1/26/2004,115
1/26/2004,106,SO2,1/27/2004,118
1/27/2004,57,SO2,1/28/2004,89
1/28/2004,106,SO2,1/29/2004,99
1/29/2004,111,SO2,1/30/2004,130
1/30/2004,82,PM10,1/31/2004,151
1/31/2004,118,PM10,2/1/2004,166
2/1/2004,109,PM10,2/2/2004,73
2/2/2004,53,PM10,2/3/2004,63
2/3/2004,50,--,2/4/2004,100
2/4/2004,59,PM10,2/5/2004,62
2/5/2004,50,--,2/6/2004,98
2/6/2004,56,PM10,2/7/2004,90
2/7/2004,68,SO2,2/8/2004,67
2/8/2004,52,SO2,2/9/2004,96
2/9/2004,68,PM10,2/10/2004,78
2/10/2004,130,PM10,2/11/2004,86
2/11/2004,95,SO2,2/12/2004,136
2/12/2004,103,SO2,2/13/2004,94
2/13/2004,124,PM10,2/14/2004,77
2/14/2004,95,PM10,2/15/2004,98
2/15/2004,92,PM10,2/16/2004,80
2/16/2004,95,PM10,2/17/2004,87
2/17/2004,135,PM10,2/18/2004,95
2/18/2004,242,PM10,2/19/2004,162
2/19/2004,451,PM10,2/20/2004,169
2/20/2004,140,PM10,2/21/2004,98
2/21/2004,109,PM10,2/22/2004,71
2/22/2004,42,--,2/23/2004,90
2/23/2004,88,PM10,2/24/2004,94
2/24/2004,164,PM10,2/25/2004,80
2/25/2004,145,PM10,2/26/2004,80
2/26/2004,46,--,2/27/2004,81
2/27/2004,85,PM10,2/28/2004,87
2/28/2004,125,PM10,2/29/2004,89
2/29/2004,54,PM10,3/1/2004,51
3/1/2004,83,PM10,3/2/2004,59
3/2/2004,73,PM10,3/3/2004,85
3/3/2004,60,PM10,3/4/2004,91
3/4/2004,85,PM10,3/5/2004,89
3/5/2004,73,PM10,3/6/2004,58
3/6/2004,51,PM10,3/7/2004,93
3/7/2004,56,SO2,3/8/2004,100
3/8/2004,108,PM10,3/9/2004,160
3/9/2004,179,PM10,3/10/2004,175
3/10/2004,446,PM10,3/11/2004,500
3/11/2004,84,PM10,3/12/2004,153
3/12/2004,146,PM10,3/13/2004,98
3/13/2004,104,PM10,3/14/2004,99
3/14/2004,87,PM10,3/15/2004,99
3/15/2004,143,PM10,3/16/2004,97
3/16/2004,206,PM10,3/17/2004,77
3/17/2004,77,PM10,3/18/2004,121
3/18/2004,57,PM10,3/19/2004,93
3/19/2004,114,PM10,3/20/2004,105
3/20/2004,87,PM10,3/21/2004,119
3/21/2004,92,PM10,3/22/2004,97
3/22/2004,165,PM10,3/23/2004,99
3/23/2004,104,PM10,3/24/2004,94
3/24/2004,33,--,3/25/2004,99
3/25/2004,88,PM10,3/26/2004,130
3/26/2004,137,PM10,3/27/2004,100
3/27/2004,151,PM10,3/28/2004,96
3/28/2004,338,PM10,3/29/2004,144
3/29/2004,239,PM10,3/30/2004,164
3/30/2004,139,PM10,3/31/2004,88
3/31/2004,79,PM10,4/1/2004,88
4/1/2004,123,PM10,4/2/2004,62
4/2/2004,64,PM10,4/3/2004,83
4/3/2004,51,PM10,4/4/2004,80
4/4/2004,91,PM10,4/5/2004,107
4/5/2004,133,PM10,4/6/2004,76
4/6/2004,93,PM10,4/7/2004,81
4/7/2004,39,--,4/8/2004,96
4/8/2004,111,PM10,4/9/2004,174
4/9/2004,145,PM10,4/10/2004,134
4/10/2004,193,PM10,4/11/2004,128
4/11/2004,131,PM10,4/12/2004,120
4/12/2004,131,PM10,4/13/2004,95
4/13/2004,108,PM10,4/14/2004,75
4/14/2004,95,PM10,4/15/2004,132
4/15/2004,141,PM10,4/16/2004,97
4/16/2004,186,PM10,4/17/2004,78
4/17/2004,156,PM10,4/18/2004,134
4/18/2004,260,PM10,4/19/2004,93
4/19/2004,138,PM10,4/20/2004,87
4/20/2004,133,PM10,4/21/2004,129
4/21/2004,107,PM10,4/22/2004,98
4/22/2004,143,PM10,4/23/2004,163
4/23/2004,61,PM10,4/24/2004,97
4/24/2004,109,PM10,4/25/2004,126
4/25/2004,151,PM10,4/26/2004,89
4/26/2004,63,PM10,4/27/2004,82
4/27/2004,63,PM10,4/28/2004,97
4/28/2004,79,PM10,4/29/2004,96
4/29/2004,138,PM10,4/30/2004,96
4/30/2004,47,--,5/1/2004,90
5/1/2004,67,PM10,5/2/2004,83
5/2/2004,84,PM10,5/3/2004,81
5/3/2004,95,PM10,5/4/2004,119
5/4/2004,73,PM10,5/5/2004,81
5/5/2004,89,PM10,5/6/2004,313
5/6/2004,91,PM10,5/7/2004,100
5/7/2004,152,PM10,5/8/2004,106
5/8/2004,189,PM10,5/9/2004,97
5/9/2004,92,PM10,5/10/2004,81
5/10/2004,97,PM10,5/11/2004,99
5/11/2004,107,PM10,5/12/2004,80
5/12/2004,81,PM10,5/13/2004,60
5/13/2004,89,PM10,5/14/2004,79
5/14/2004,93,PM10,5/15/2004,88
5/15/2004,92,PM10,5/16/2004,86
5/16/2004,50,--,5/17/2004,68
5/17/2004,61,PM10,5/18/2004,79
5/18/2004,66,PM10,5/19/2004,88
5/19/2004,77,PM10,5/20/2004,190
5/20/2004,59,PM10,5/21/2004,69
5/21/2004,56,PM10,5/22/2004,54
5/22/2004,65,PM10,5/23/2004,74
5/23/2004,86,PM10,5/24/2004,93
5/24/2004,134,PM10,5/25/2004,100
5/25/2004,141,PM10,5/26/2004,93
5/26/2004,30,--,5/27/2004,77
5/27/2004,83,PM10,5/28/2004,70
5/28/2004,111,PM10,5/29/2004,88
5/29/2004,56,PM10,5/30/2004,78
5/30/2004,66,PM10,5/31/2004,85
5/31/2004,56,PM10,6/1/2004,96
6/1/2004,100,PM10,6/2/2004,91
6/2/2004,109,PM10,6/3/2004,88
6/3/2004,118,PM10,6/4/2004,86
6/4/2004,107,PM10,6/5/2004,99
6/5/2004,74,PM10,6/6/2004,118
6/6/2004,58,PM10,6/7/2004,89
6/7/2004,88,PM10,6/8/2004,85
6/8/2004,100,PM10,6/9/2004,120
6/9/2004,109,PM10,6/10/2004,120
6/10/2004,125,PM10,6/11/2004,122
6/11/2004,114,PM10,6/12/2004,89
6/12/2004,110,PM10,6/13/2004,95
6/13/2004,118,PM10,6/14/2004,99
6/14/2004,135,PM10,6/15/2004,94
6/15/2004,147,PM10,6/16/2004,94
6/16/2004,99,PM10,6/17/2004,77
6/17/2004,29,--,6/18/2004,62
6/18/2004,75,PM10,6/19/2004,70
6/19/2004,73,PM10,6/20/2004,73
6/20/2004,97,PM10,6/21/2004,84
6/21/2004,102,PM10,6/22/2004,82
6/22/2004,93,PM10,6/23/2004,95
6/23/2004,78,PM10,6/24/2004,86
6/24/2004,58,PM10,6/25/2004,94
6/25/2004,61,PM10,6/26/2004,75
6/26/2004,100,PM10,6/27/2004,92
6/27/2004,106,PM10,6/28/2004,99
6/28/2004,139,PM10,6/29/2004,78
6/29/2004,152,PM10,6/30/2004,71
6/30/2004,49,--,7/1/2004,63
7/1/2004,46,--,7/2/2004,82
7/2/2004,85,PM10,7/3/2004,81
7/3/2004,97,PM10,7/4/2004,94
7/4/2004,58,PM10,7/5/2004,75
7/5/2004,56,PM10,7/6/2004,73
7/6/2004,59,PM10,7/7/2004,100
7/7/2004,74,PM10,7/8/2004,88
7/8/2004,63,PM10,7/9/2004,80
7/9/2004,59,PM10,7/10/2004,85
7/10/2004,91,PM10,7/11/2004,94
7/11/2004,70,PM10,7/12/2004,93
7/12/2004,53,PM10,7/13/2004,81
7/13/2004,55,PM10,7/14/2004,77
7/14/2004,67,PM10,7/15/2004,81
7/15/2004,97,PM10,7/16/2004,92
7/16/2004,123,PM10,7/17/2004,94
7/17/2004,118,PM10,7/18/2004,97
7/18/2004,100,PM10,7/19/2004,65
7/19/2004,80,PM10,7/20/2004,97
7/20/2004,135,PM10,7/21/2004,99
7/21/2004,67,PM10,7/22/2004,97
7/22/2004,70,PM10,7/23/2004,90
7/23/2004,105,PM10,7/24/2004,72
7/24/2004,55,PM10,7/25/2004,63
7/25/2004,78,PM10,7/26/2004,98
7/26/2004,78,PM10,7/27/2004,87
7/27/2004,59,PM10,7/28/2004,99
7/28/2004,111,PM10,7/29/2004,98
7/29/2004,78,PM10,7/30/2004,53
7/30/2004,30,--,7/31/2004,63
7/31/2004,78,PM10,8/1/2004,91
8/1/2004,91,PM10,8/2/2004,98
8/2/2004,119,PM10,8/3/2004,96
8/3/2004,95,PM10,8/4/2004,54
8/4/2004,73,PM10,8/5/2004,64
8/5/2004,76,PM10,8/6/2004,88
8/6/2004,89,PM10,8/7/2004,71
8/7/2004,117,PM10,8/8/2004,95
8/8/2004,145,PM10,8/9/2004,99
8/9/2004,143,PM10,8/10/2004,98
8/10/2004,84,PM10,8/11/2004,88
8/11/2004,84,PM10,8/12/2004,56
8/12/2004,51,PM10,8/13/2004,48
8/13/2004,31,--,8/14/2004,92
8/14/2004,83,PM10,8/15/2004,98
8/15/2004,76,PM10,8/16/2004,90
8/16/2004,51,PM10,8/17/2004,89
8/17/2004,67,PM10,8/18/2004,97
8/18/2004,75,PM10,8/19/2004,71
8/19/2004,68,PM10,8/20/2004,81
8/20/2004,80,PM10,8/21/2004,86
8/21/2004,99,PM10,8/22/2004,94
8/22/2004,70,PM10,8/23/2004,97
8/23/2004,60,PM10,8/24/2004,92
8/24/2004,105,PM10,8/25/2004,98
8/25/2004,122,PM10,8/26/2004,94
8/26/2004,100,PM10,8/27/2004,91
8/27/2004,125,PM10,8/28/2004,71
8/28/2004,70,PM10,8/29/2004,40
8/29/2004,57,PM10,8/30/2004,81
8/30/2004,79,PM10,8/31/2004,71
8/31/2004,68,PM10,9/1/2004,70
9/1/2004,61,PM10,9/2/2004,65
9/2/2004,67,PM10,9/3/2004,84
9/3/2004,77,PM10,9/4/2004,84
9/4/2004,64,PM10,9/5/2004,83
9/5/2004,96,PM10,9/6/2004,90
9/6/2004,101,PM10,9/7/2004,62
9/7/2004,24,--,9/8/2004,84
9/8/2004,61,PM10,9/9/2004,73
9/9/2004,80,PM10,9/10/2004,81
9/10/2004,85,PM10,9/11/2004,93
9/11/2004,88,PM10,9/12/2004,91
9/12/2004,95,PM10,9/13/2004,68
9/13/2004,101,PM10,9/14/2004,89
9/14/2004,140,PM10,9/15/2004,67
9/15/2004,34,--,9/16/2004,62
9/16/2004,81,PM10,9/17/2004,74
9/17/2004,89,PM10,9/18/2004,74
9/18/2004,86,PM10,9/19/2004,85
9/19/2004,71,PM10,9/20/2004,84
9/20/2004,94,PM10,9/21/2004,62
9/21/2004,40,--,9/22/2004,86
9/22/2004,84,PM10,9/23/2004,85
9/23/2004,122,PM10,9/24/2004,94
9/24/2004,197,PM10,9/25/2004,88
9/25/2004,179,PM10,9/26/2004,82
9/26/2004,111,PM10,9/27/2004,97
9/27/2004,114,PM10,9/28/2004,95
9/28/2004,100,PM10,9/29/2004,93
9/29/2004,134,PM10,9/30/2004,99
9/30/2004,141,PM10,10/1/2004,48
10/1/2004,17,--,10/2/2004,56
10/2/2004,59,PM10,10/3/2004,75
10/3/2004,83,PM10,10/4/2004,75
10/4/2004,118,PM10,10/5/2004,99
10/5/2004,153,PM10,10/6/2004,98
10/6/2004,166,PM10,10/7/2004,97
10/7/2004,325,PM10,10/8/2004,95
10/8/2004,402,PM10,10/9/2004,96
10/9/2004,263,PM10,10/10/2004,95
10/10/2004,374,PM10,10/11/2004,94
10/11/2004,127,PM10,10/12/2004,74
10/12/2004,37,--,10/13/2004,75
10/13/2004,62,PM10,10/14/2004,83
10/14/2004,67,PM10,10/15/2004,85
10/15/2004,99,PM10,10/16/2004,91
10/16/2004,116,PM10,10/17/2004,90
10/17/2004,110,PM10,10/18/2004,97
10/18/2004,126,PM10,10/19/2004,86
10/19/2004,149,PM10,10/20/2004,92
10/20/2004,110,PM10,10/21/2004,93
10/21/2004,56,PM10,10/22/2004,91
10/22/2004,59,PM10,10/23/2004,87
10/23/2004,97,PM10,10/24/2004,75
10/24/2004,146,PM10,10/25/2004,73
10/25/2004,142,PM10,10/26/2004,82
10/26/2004,34,--,10/27/2004,89
10/27/2004,79,PM10,10/28/2004,77
10/28/2004,154,PM10,10/29/2004,92
10/29/2004,191,PM10,10/30/2004,89
10/30/2004,219,PM10,10/31/2004,99
10/31/2004,157,PM10,11/1/2004,95
11/1/2004,35,--,11/2/2004,35
11/2/2004,39,--,11/3/2004,58
11/3/2004,124,PM10,11/4/2004,89
11/4/2004,164,PM10,11/5/2004,65
11/5/2004,56,PM10,11/6/2004,90
11/6/2004,92,PM10,11/7/2004,77
11/7/2004,133,PM10,11/8/2004,67
11/8/2004,173,PM10,11/9/2004,97
11/9/2004,86,PM10,11/10/2004,79
11/10/2004,77,PM10,11/11/2004,48
11/11/2004,62,PM10,11/12/2004,42
11/12/2004,45,--,11/13/2004,63
11/13/2004,93,PM10,11/14/2004,88
11/14/2004,160,PM10,11/15/2004,74
11/15/2004,54,PM10,11/16/2004,105
11/16/2004,67,PM10,11/17/2004,122
11/17/2004,65,PM10,11/18/2004,117
11/18/2004,99,PM10,11/19/2004,159
11/19/2004,97,PM10,11/20/2004,82
11/20/2004,47,--,11/21/2004,95
11/21/2004,93,PM10,11/22/2004,140
11/22/2004,165,PM10,11/23/2004,98
11/23/2004,156,PM10,11/24/2004,73
11/24/2004,89,PM10,11/25/2004,64
11/25/2004,41,--,11/26/2004,61
11/26/2004,53,PM10,11/27/2004,98
11/27/2004,89,PM10,11/28/2004,188
11/28/2004,99,PM10,11/29/2004,76
11/29/2004,81,PM10,11/30/2004,118
11/30/2004,139,PM10,12/1/2004,112
12/1/2004,275,PM10,12/2/2004,285
12/2/2004,270,PM10,12/3/2004,122
12/3/2004,330,PM10,12/4/2004,77
12/4/2004,97,PM10,12/5/2004,55
12/5/2004,37,--,12/6/2004,72
12/6/2004,97,PM10,12/7/2004,106
12/7/2004,89,PM10,12/8/2004,134
12/8/2004,170,PM10,12/9/2004,118
12/9/2004,248,PM10,12/10/2004,78
12/10/2004,97,PM10,12/11/2004,99
12/11/2004,181,PM10,12/12/2004,99
12/12/2004,123,PM10,12/13/2004,83
12/13/2004,89,PM10,12/14/2004,78
12/14/2004,198,PM10,12/15/2004,110
12/15/2004,305,PM10,12/16/2004,115
12/16/2004,86,PM10,12/17/2004,99
12/17/2004,92,PM10,12/18/2004,98
12/18/2004,143,PM10,12/19/2004,167
12/19/2004,82,PM10,12/20/2004,72
12/20/2004,23,--,12/21/2004,154
12/21/2004,81,SO2,12/22/2004,97
12/22/2004,88,PM10,12/23/2004,135
12/23/2004,75,SO2,12/24/2004,99
12/24/2004,99,SO2,12/25/2004,174
12/25/2004,150,PM10,12/26/2004,192
12/26/2004,97,PM10,12/27/2004,100
12/27/2004,44,--,12/28/2004,97
12/28/2004,49,--,12/29/2004,97
12/29/2004,61,SO2,12/30/2004,114
12/30/2004,80,SO2,12/31/2004,95
12/31/2004,45,--,1/1/2005,108
1/1/2005,63,SO2,1/2/2005,76
1/2/2005,118,PM10,1/3/2005,61
1/3/2005,100,PM10,1/4/2005,56
1/4/2005,52,PM10,1/5/2005,79
1/5/2005,104,SO2,1/6/2005,58
1/6/2005,147,PM10,1/7/2005,75
1/7/2005,48,--,1/8/2005,77
1/8/2005,56,SO2,1/9/2005,60
1/9/2005,44,--,1/10/2005,78
1/10/2005,96,SO2,1/11/2005,79
1/11/2005,67,SO2,1/12/2005,73
1/12/2005,52,SO2,1/13/2005,105
1/13/2005,83,SO2,1/14/2005,150
1/14/2005,65,SO2,1/15/2005,81
1/15/2005,67,SO2,1/16/2005,95
1/16/2005,87,SO2,1/17/2005,187
1/17/2005,111,PM10,1/18/2005,116
1/18/2005,47,--,1/19/2005,94
1/19/2005,55,SO2,1/20/2005,108
1/20/2005,57,SO2,1/21/2005,99
1/21/2005,85,SO2,1/22/2005,95
1/22/2005,119,PM10,1/23/2005,68
1/23/2005,174,PM10,1/24/2005,75
1/24/2005,143,PM10,1/25/2005,57
1/25/2005,95,PM10,1/26/2005,84
1/26/2005,115,PM10,1/27/2005,115
1/27/2005,173,PM10,1/28/2005,93
1/28/2005,163,PM10,1/29/2005,62
1/29/2005,95,PM10,1/30/2005,60
1/30/2005,50,--,1/31/2005,61
1/31/2005,69,PM10,2/1/2005,36
2/1/2005,69,PM10,2/2/2005,55
2/2/2005,47,--,2/3/2005,82
2/3/2005,96,SO2,2/4/2005,89
2/4/2005,79,SO2,2/5/2005,79
2/5/2005,46,--,2/6/2005,75
2/6/2005,68,SO2,2/7/2005,60
2/7/2005,71,PM10,2/9/2005,71
2/9/2005,84,PM10,2/10/2005,40
2/10/2005,38,--,2/11/2005,66
2/11/2005,71,SO2,2/12/2005,94
2/12/2005,102,SO2,2/13/2005,147
2/13/2005,122,PM10,2/14/2005,127
2/14/2005,153,PM10,2/15/2005,94
2/15/2005,150,PM10,2/16/2005,54
2/16/2005,69,PM10,2/17/2005,59
2/17/2005,105,PM10,2/18/2005,59
2/18/2005,60,SO2,2/19/2005,47
2/19/2005,42,--,2/20/2005,51
2/20/2005,47,--,2/21/2005,80
2/21/2005,87,SO2,2/22/2005,80
2/22/2005,102,SO2,2/23/2005,69
2/23/2005,30,--,2/24/2005,110
2/24/2005,55,PM10,2/25/2005,65
2/25/2005,46,--,2/26/2005,83
2/26/2005,64,SO2,2/27/2005,89
2/27/2005,95,SO2,2/28/2005,62
2/28/2005,61,SO2,3/1/2005,88
3/1/2005,64,SO2,3/2/2005,68
3/2/2005,74,SO2,3/3/2005,87
3/3/2005,57,SO2,3/4/2005,64
3/4/2005,46,--,3/5/2005,86
3/5/2005,58,SO2,3/6/2005,77
3/6/2005,114,PM10,3/7/2005,111
3/7/2005,108,PM10,3/8/2005,66
3/8/2005,82,PM10,3/9/2005,66
3/9/2005,80,SO2,3/10/2005,83
3/10/2005,110,PM10,3/11/2005,63
3/11/2005,67,PM10,3/12/2005,52
3/12/2005,59,PM10,3/13/2005,70
3/13/2005,36,--,3/14/2005,79
3/14/2005,69,PM10,3/15/2005,83
3/15/2005,99,PM10,3/16/2005,108
3/16/2005,120,PM10,3/17/2005,84
3/17/2005,109,PM10,3/18/2005,99
3/18/2005,52,PM10,3/19/2005,81
3/19/2005,96,PM10,3/20/2005,120
3/20/2005,119,PM10,3/21/2005,93
3/21/2005,94,PM10,3/22/2005,117
3/22/2005,151,PM10,3/23/2005,62
3/23/2005,90,PM10,3/24/2005,55
3/24/2005,63,PM10,3/25/2005,64
3/25/2005,99,PM10,3/26/2005,109
3/26/2005,133,PM10,3/27/2005,159
3/27/2005,161,PM10,3/28/2005,108
3/28/2005,141,PM10,3/29/2005,118
3/29/2005,48,--,3/30/2005,83
3/30/2005,122,PM10,3/31/2005,85
3/31/2005,113,PM10,4/1/2005,89
4/1/2005,83,PM10,4/2/2005,134
4/2/2005,82,PM10,4/3/2005,93
4/3/2005,82,PM10,4/4/2005,98
4/4/2005,116,PM10,4/5/2005,137
4/5/2005,332,PM10,4/6/2005,108
4/6/2005,352,PM10,4/7/2005,90
4/7/2005,156,PM10,4/8/2005,132
4/8/2005,100,PM10,4/9/2005,68
4/9/2005,64,PM10,4/10/2005,91
4/10/2005,64,PM10,4/11/2005,92
4/11/2005,95,PM10,4/12/2005,97
4/12/2005,92,PM10,4/13/2005,93
4/13/2005,90,PM10,4/14/2005,218
4/14/2005,179,PM10,4/15/2005,131
4/15/2005,88,PM10,4/16/2005,98
4/16/2005,213,PM10,4/17/2005,89
4/17/2005,143,PM10,4/18/2005,100
4/18/2005,159,PM10,4/19/2005,109
4/19/2005,132,PM10,4/20/2005,75
4/20/2005,173,PM10,4/21/2005,81
4/21/2005,69,PM10,4/22/2005,66
4/22/2005,58,PM10,4/23/2005,73
4/23/2005,107,PM10,4/24/2005,81
4/24/2005,106,PM10,4/25/2005,66
4/25/2005,73,PM10,4/26/2005,74
4/26/2005,115,PM10,4/27/2005,99
4/27/2005,122,PM10,4/28/2005,118
4/28/2005,418,PM10,4/29/2005,144
4/29/2005,98,PM10,4/30/2005,97
4/30/2005,138,PM10,5/1/2005,143
5/1/2005,183,PM10,5/2/2005,82
5/2/2005,122,PM10,5/3/2005,93
5/3/2005,139,PM10,5/4/2005,93
5/4/2005,160,PM10,5/5/2005,87
5/5/2005,97,PM10,5/6/2005,48
5/6/2005,48,--,5/7/2005,65
5/7/2005,80,PM10,5/8/2005,67
5/8/2005,130,PM10,5/9/2005,47
5/9/2005,63,PM10,5/10/2005,69
5/10/2005,62,PM10,5/11/2005,41
5/11/2005,86,PM10,5/12/2005,63
5/12/2005,110,PM10,5/13/2005,99
5/13/2005,81,PM10,5/14/2005,72
5/14/2005,85,PM10,5/15/2005,64
5/15/2005,113,PM10,5/16/2005,78
5/16/2005,83,PM10,5/17/2005,71
5/17/2005,49,--,5/18/2005,33
5/18/2005,51,PM10,5/19/2005,49
5/19/2005,53,PM10,5/20/2005,52
5/20/2005,80,PM10,5/21/2005,74
5/21/2005,120,PM10,5/22/2005,76
5/22/2005,46,--,5/23/2005,55
5/23/2005,59,PM10,5/24/2005,73
5/24/2005,82,PM10,5/25/2005,76
5/25/2005,88,PM10,5/26/2005,79
5/26/2005,107,PM10,5/27/2005,89
5/27/2005,83,PM10,5/28/2005,72
5/28/2005,120,PM10,5/29/2005,76
5/29/2005,100,PM10,5/30/2005,64
5/30/2005,109,PM10,5/31/2005,77
5/31/2005,95,PM10,6/1/2005,68
6/1/2005,93,PM10,6/2/2005,62
6/2/2005,54,PM10,6/3/2005,37
6/3/2005,58,PM10,6/4/2005,72
6/4/2005,77,PM10,6/5/2005,99
6/5/2005,75,PM10,6/6/2005,69
6/6/2005,53,PM10,6/7/2005,67
6/7/2005,86,PM10,6/8/2005,66
6/8/2005,96,PM10,6/9/2005,64
6/9/2005,81,PM10,6/10/2005,69
6/10/2005,85,PM10,6/11/2005,75
6/11/2005,136,PM10,6/12/2005,82
6/12/2005,106,PM10,6/13/2005,67
6/13/2005,94,PM10,6/14/2005,83
6/14/2005,69,PM10,6/15/2005,69
6/15/2005,56,PM10,6/16/2005,60
6/16/2005,83,PM10,6/17/2005,70
6/17/2005,79,PM10,6/18/2005,81
6/18/2005,92,PM10,6/19/2005,90
6/19/2005,116,PM10,6/20/2005,81
6/20/2005,131,PM10,6/21/2005,62
6/21/2005,113,PM10,6/22/2005,84
6/22/2005,116,PM10,6/23/2005,131
6/23/2005,120,PM10,6/24/2005,100
6/24/2005,148,PM10,6/25/2005,99
6/25/2005,141,PM10,6/26/2005,85
6/26/2005,79,PM10,6/27/2005,89
6/27/2005,52,PM10,6/28/2005,73
6/28/2005,84,PM10,6/29/2005,86
6/29/2005,86,PM10,6/30/2005,70
6/30/2005,100,PM10,7/1/2005,79
7/1/2005,97,PM10,7/2/2005,98
7/2/2005,76,PM10,7/3/2005,84
7/3/2005,87,PM10,7/4/2005,82
7/4/2005,64,PM10,7/5/2005,64
7/5/2005,63,PM10,7/6/2005,60
7/6/2005,70,PM10,7/7/2005,85
7/7/2005,89,PM10,7/8/2005,68
7/8/2005,98,PM10,7/9/2005,68
7/9/2005,91,PM10,7/10/2005,75
7/10/2005,79,PM10,7/11/2005,69
7/11/2005,69,PM10,7/12/2005,76
7/12/2005,81,PM10,7/13/2005,77
7/13/2005,93,PM10,7/14/2005,66
7/14/2005,93,PM10,7/15/2005,73
7/15/2005,97,PM10,7/16/2005,68
7/16/2005,112,PM10,7/17/2005,68
7/17/2005,150,PM10,7/18/2005,62
7/18/2005,103,PM10,7/19/2005,80
7/19/2005,114,PM10,7/20/2005,99
7/20/2005,125,PM10,7/21/2005,96
7/21/2005,104,PM10,7/22/2005,80
7/22/2005,79,PM10,7/23/2005,59
7/23/2005,51,PM10,7/24/2005,81
7/24/2005,23,--,7/25/2005,99
7/25/2005,75,PM10,7/26/2005,99
7/26/2005,109,PM10,7/27/2005,83
7/27/2005,73,PM10,7/28/2005,73
7/28/2005,63,PM10,7/29/2005,61
7/29/2005,57,PM10,7/30/2005,56
7/30/2005,95,PM10,7/31/2005,77
7/31/2005,79,PM10,8/1/2005,78
8/1/2005,81,PM10,8/2/2005,83
8/2/2005,68,PM10,8/3/2005,89
8/3/2005,72,PM10,8/4/2005,80
8/4/2005,46,--,8/5/2005,78
8/5/2005,63,PM10,8/6/2005,62
8/6/2005,86,PM10,8/7/2005,73
8/7/2005,71,PM10,8/8/2005,83
8/8/2005,72,PM10,8/9/2005,49
8/9/2005,62,PM10,8/10/2005,55
8/10/2005,60,PM10,8/11/2005,80
8/11/2005,146,PM10,8/12/2005,89
8/12/2005,141,PM10,8/13/2005,86
8/13/2005,63,PM10,8/14/2005,99
8/14/2005,98,PM10,8/15/2005,98
8/15/2005,100,PM10,8/16/2005,62
8/16/2005,46,--,8/17/2005,31
8/17/2005,26,--,8/18/2005,33
8/18/2005,53,PM10,8/19/2005,51
8/19/2005,59,PM10,8/20/2005,73
8/20/2005,79,PM10,8/21/2005,78
8/21/2005,110,PM10,8/22/2005,59
8/22/2005,91,PM10,8/23/2005,67
8/23/2005,97,PM10,8/24/2005,83
8/24/2005,90,PM10,8/25/2005,99
8/25/2005,85,PM10,8/26/2005,73
8/26/2005,110,PM10,8/27/2005,90
8/27/2005,94,PM10,8/28/2005,95
8/28/2005,154,PM10,8/29/2005,117
8/29/2005,136,PM10,8/30/2005,100
8/30/2005,113,PM10,8/31/2005,97
8/31/2005,152,PM10,9/1/2005,90
9/1/2005,118,PM10,9/2/2005,60
9/2/2005,42,--,9/3/2005,73
9/3/2005,68,PM10,9/4/2005,90
9/4/2005,80,PM10,9/5/2005,75
9/5/2005,90,PM10,9/6/2005,90
9/6/2005,99,PM10,9/7/2005,76
9/7/2005,98,PM10,9/8/2005,92
9/8/2005,83,PM10,9/9/2005,97
9/9/2005,141,PM10,9/10/2005,69
9/10/2005,164,PM10,9/11/2005,100
9/11/2005,182,PM10,9/12/2005,66
9/12/2005,107,PM10,9/13/2005,65
9/13/2005,76,PM10,9/14/2005,74
9/14/2005,62,PM10,9/15/2005,94
9/15/2005,104,PM10,9/16/2005,64
9/16/2005,78,PM10,9/17/2005,89
9/17/2005,73,PM10,9/18/2005,170
9/18/2005,66,PM10,9/19/2005,83
9/19/2005,99,PM10,9/20/2005,91
9/20/2005,92,PM10,9/21/2005,61
9/21/2005,71,PM10,9/22/2005,90
9/22/2005,60,PM10,9/23/2005,93
9/23/2005,110,PM10,9/24/2005,98
9/24/2005,112,PM10,9/25/2005,100
9/25/2005,134,PM10,9/26/2005,98
9/26/2005,168,PM10,9/27/2005,94
9/27/2005,97,PM10,9/28/2005,100
9/28/2005,115,PM10,9/29/2005,76
9/29/2005,100,PM10,9/30/2005,58
9/30/2005,47,--,10/1/2005,62
10/1/2005,88,PM10,10/2/2005,52
10/2/2005,72,PM10,10/3/2005,82
10/3/2005,70,PM10,10/4/2005,76
10/4/2005,77,PM10,10/5/2005,95
10/5/2005,103,PM10,10/6/2005,80
10/6/2005,136,PM10,10/7/2005,92
10/7/2005,82,PM10,10/8/2005,81
10/8/2005,42,--,10/9/2005,94
10/9/2005,93,PM10,10/10/2005,67
10/10/2005,167,PM10,10/11/2005,71
10/11/2005,152,PM10,10/12/2005,89
10/12/2005,183,PM10,10/13/2005,67
10/13/2005,155,PM10,10/14/2005,55
10/14/2005,50,--,10/15/2005,63
10/15/2005,73,PM10,10/16/2005,71
10/16/2005,120,PM10,10/17/2005,76
10/17/2005,57,PM10,10/18/2005,84
10/18/2005,96,PM10,10/19/2005,94
10/19/2005,94,PM10,10/20/2005,80
10/20/2005,151,PM10,10/21/2005,66
10/21/2005,96,PM10,10/22/2005,62
10/22/2005,92,PM10,10/23/2005,100
10/23/2005,135,PM10,10/24/2005,100
10/24/2005,139,PM10,10/25/2005,92
10/25/2005,99,PM10,10/26/2005,96
10/26/2005,176,PM10,10/27/2005,96
10/27/2005,156,PM10,10/28/2005,80
10/28/2005,24,--,10/29/2005,62
10/29/2005,48,--,10/30/2005,95
10/30/2005,54,PM10,10/31/2005,82
10/31/2005,97,PM10,11/1/2005,76
11/1/2005,134,PM10,11/2/2005,96
11/2/2005,252,PM10,11/3/2005,83
11/3/2005,334,PM10,11/4/2005,124
11/4/2005,330,PM10,11/5/2005,97
11/5/2005,472,PM10,11/6/2005,159
11/6/2005,191,PM10,11/7/2005,100
11/7/2005,141,PM10,11/8/2005,85
11/8/2005,45,--,11/9/2005,89
11/9/2005,104,PM10,11/10/2005,100
11/10/2005,156,PM10,11/11/2005,99
11/11/2005,79,PM10,11/12/2005,91
11/12/2005,95,PM10,11/13/2005,76
11/13/2005,70,PM10,11/14/2005,97
11/14/2005,80,PM10,11/15/2005,56
11/15/2005,60,PM10,11/16/2005,90
11/16/2005,104,PM10,11/17/2005,98
11/17/2005,160,PM10,11/18/2005,96
11/18/2005,184,PM10,11/19/2005,81
11/19/2005,126,PM10,11/20/2005,86
11/20/2005,91,PM10,11/21/2005,66
11/21/2005,73,PM10,11/22/2005,95
11/22/2005,134,PM10,11/23/2005,86
11/23/2005,76,PM10,11/24/2005,84
11/24/2005,108,PM10,11/25/2005,99
11/25/2005,127,PM10,11/26/2005,99
11/26/2005,131,PM10,11/27/2005,97
11/27/2005,163,PM10,11/28/2005,161
11/28/2005,220,PM10,11/29/2005,98
11/29/2005,73,PM10,11/30/2005,100
11/30/2005,154,PM10,12/1/2005,66
12/1/2005,97,PM10,12/2/2005,83
12/2/2005,58,PM10,12/3/2005,156
12/3/2005,99,PM10,12/4/2005,70
12/4/2005,61,PM10,12/5/2005,54
12/5/2005,60,PM10,12/6/2005,53
12/6/2005,37,--,12/7/2005,122
12/7/2005,39,--,12/8/2005,124
12/8/2005,72,SO2,12/9/2005,94
12/9/2005,121,PM10,12/10/2005,85
12/10/2005,99,SO2,12/11/2005,89
12/11/2005,44,--,12/12/2005,70
12/12/2005,49,--,12/14/2005,83
12/14/2005,53,PM10,12/15/2005,103
12/15/2005,50,--,12/16/2005,101
12/16/2005,49,--,12/17/2005,62
12/17/2005,44,--,12/18/2005,106
12/18/2005,77,SO2,12/19/2005,172
12/19/2005,129,PM10,12/20/2005,119
12/20/2005,114,PM10,12/21/2005,117
12/21/2005,57,PM10,12/22/2005,96
12/22/2005,86,PM10,12/23/2005,105
12/23/2005,120,PM10,12/24/2005,107
12/24/2005,102,PM10,12/25/2005,70
12/25/2005,146,PM10,12/26/2005,99
12/26/2005,61,SO2,12/27/2005,116
12/27/2005,57,SO2,12/28/2005,156
12/28/2005,122,PM10,12/29/2005,229
12/29/2005,113,PM10,12/30/2005,93
12/30/2005,157,PM10,12/31/2005,92
12/31/2005,76,PM10,1/1/2006,129
1/1/2006,108,PM10,1/2/2006,144
1/2/2006,100,PM10,1/3/2006,87
1/3/2006,119,PM10,1/4/2006,67
1/4/2006,69,PM10,1/5/2006,83
1/5/2006,53,PM10,1/6/2006,97
1/6/2006,54,PM10,1/7/2006,107
1/7/2006,62,PM10,1/8/2006,143
1/8/2006,100,SO2,1/9/2006,99
1/9/2006,103,SO2,1/10/2006,98
1/10/2006,147,PM10,1/11/2006,223
1/11/2006,100,PM10,1/12/2006,150
1/12/2006,110,PM10,1/13/2006,90
1/13/2006,98,PM10,1/14/2006,197
1/14/2006,107,PM10,1/15/2006,98
1/15/2006,252,PM10,1/16/2006,88
1/16/2006,243,PM10,1/17/2006,85
1/17/2006,116,PM10,1/18/2006,97
1/18/2006,110,PM10,1/19/2006,97
1/19/2006,181,PM10,1/20/2006,246
1/20/2006,273,PM10,1/21/2006,225
1/21/2006,310,PM10,1/22/2006,100
1/22/2006,136,PM10,1/23/2006,99
1/23/2006,110,PM10,1/24/2006,147
1/24/2006,146,PM10,1/25/2006,98
1/25/2006,119,PM10,1/26/2006,97
1/26/2006,157,PM10,1/27/2006,97
1/27/2006,153,PM10,1/28/2006,98
1/28/2006,69,PM10,1/29/2006,90
1/29/2006,143,PM10,1/30/2006,75
1/30/2006,54,PM10,1/31/2006,97
1/31/2006,65,SO2,2/1/2006,99
2/1/2006,83,PM10,2/2/2006,100
2/2/2006,75,PM10,2/3/2006,76
2/3/2006,56,PM10,2/4/2006,98
2/4/2006,73,SO2,2/5/2006,98
2/5/2006,114,PM10,2/6/2006,88
2/6/2006,138,PM10,2/7/2006,88
2/7/2006,61,SO2,2/8/2006,66
2/8/2006,34,--,2/9/2006,82
2/9/2006,70,SO2,2/10/2006,85
2/10/2006,93,SO2,2/11/2006,95
2/11/2006,99,PM10,2/12/2006,92
2/12/2006,110,PM10,2/13/2006,90
2/13/2006,228,PM10,2/14/2006,78
2/14/2006,178,PM10,2/15/2006,78
2/15/2006,64,PM10,2/16/2006,66
2/16/2006,93,PM10,2/17/2006,73
2/17/2006,59,PM10,2/18/2006,62
2/18/2006,87,PM10,2/19/2006,80
2/19/2006,95,PM10,2/20/2006,90
2/20/2006,133,PM10,2/21/2006,75
2/21/2006,215,PM10,2/22/2006,100
2/22/2006,75,PM10,2/23/2006,68
2/23/2006,93,PM10,2/24/2006,79
2/24/2006,74,PM10,2/25/2006,65
2/25/2006,112,PM10,2/26/2006,69
2/26/2006,54,PM10,2/27/2006,96
2/27/2006,81,PM10,2/28/2006,150
2/28/2006,83,PM10,3/1/2006,99
3/1/2006,62,PM10,3/2/2006,99
3/2/2006,49,--,3/3/2006,91
3/3/2006,89,PM10,3/4/2006,77
3/4/2006,154,PM10,3/5/2006,83
3/5/2006,99,PM10,3/6/2006,76
3/6/2006,80,PM10,3/7/2006,72
3/7/2006,90,PM10,3/8/2006,81
3/8/2006,98,PM10,3/9/2006,93
3/9/2006,91,PM10,3/10/2006,88
3/10/2006,408,PM10,3/11/2006,121
3/11/2006,95,PM10,3/12/2006,83
3/12/2006,85,PM10,3/13/2006,55
3/13/2006,90,PM10,3/14/2006,64
3/14/2006,88,PM10,3/15/2006,74
3/15/2006,109,PM10,3/16/2006,91
3/16/2006,91,PM10,3/17/2006,147
3/17/2006,135,PM10,3/18/2006,91
3/18/2006,256,PM10,3/19/2006,107
3/19/2006,84,PM10,3/20/2006,86
3/20/2006,226,PM10,3/21/2006,146
3/21/2006,197,PM10,3/22/2006,100
3/22/2006,181,PM10,3/23/2006,84
3/23/2006,66,PM10,3/24/2006,77
3/24/2006,97,PM10,3/25/2006,128
3/25/2006,206,PM10,3/26/2006,91
3/26/2006,99,PM10,3/27/2006,107
3/27/2006,347,PM10,3/28/2006,97
3/28/2006,98,PM10,3/29/2006,92
3/29/2006,124,PM10,3/30/2006,71
3/30/2006,92,PM10,3/31/2006,91
3/31/2006,96,PM10,4/1/2006,88
4/1/2006,183,PM10,4/2/2006,85
4/2/2006,122,PM10,4/3/2006,132
4/3/2006,187,PM10,4/4/2006,84
4/4/2006,162,PM10,4/5/2006,85
4/5/2006,99,PM10,4/6/2006,77
4/6/2006,78,PM10,4/7/2006,66
4/7/2006,158,PM10,4/8/2006,64
4/8/2006,186,PM10,4/9/2006,89
4/9/2006,500,PM10,4/10/2006,67
4/10/2006,500,PM10,4/11/2006,73
4/11/2006,166,PM10,4/12/2006,138
4/12/2006,95,PM10,4/13/2006,86
4/13/2006,60,PM10,4/14/2006,111
4/14/2006,149,PM10,4/15/2006,114
4/15/2006,128,PM10,4/16/2006,92
4/16/2006,84,PM10,4/17/2006,57
4/17/2006,500,PM10,4/18/2006,65
4/18/2006,168,PM10,4/19/2006,62
4/19/2006,319,PM10,4/20/2006,33
4/20/2006,79,PM10,4/21/2006,82
4/21/2006,123,PM10,4/22/2006,84
4/22/2006,145,PM10,4/23/2006,132
4/23/2006,203,PM10,4/24/2006,110
4/24/2006,94,PM10,4/25/2006,110
4/25/2006,128,PM10,4/26/2006,66
4/26/2006,210,PM10,4/27/2006,86
4/27/2006,98,PM10,4/28/2006,69
4/28/2006,99,PM10,4/29/2006,67
4/29/2006,131,PM10,4/30/2006,83
4/30/2006,165,PM10,5/1/2006,95
5/1/2006,432,PM10,5/2/2006,62
5/2/2006,94,PM10,5/3/2006,89
5/3/2006,92,PM10,5/4/2006,78
5/4/2006,147,PM10,5/5/2006,72
5/5/2006,95,PM10,5/6/2006,64
5/6/2006,93,PM10,5/7/2006,61
5/7/2006,138,PM10,5/8/2006,91
5/8/2006,123,PM10,5/9/2006,86
5/9/2006,79,PM10,5/10/2006,53
5/10/2006,71,PM10,5/11/2006,73
5/11/2006,61,PM10,5/12/2006,65
5/12/2006,63,PM10,5/13/2006,55
5/13/2006,44,--,5/14/2006,69
5/14/2006,93,PM10,5/15/2006,85
5/15/2006,95,PM10,5/16/2006,99
5/16/2006,98,PM10,5/17/2006,84
5/17/2006,500,PM10,5/18/2006,67
5/18/2006,168,PM10,5/19/2006,63
5/19/2006,240,PM10,5/20/2006,87
5/20/2006,82,PM10,5/21/2006,88
5/21/2006,96,PM10,5/22/2006,64
5/22/2006,96,PM10,5/23/2006,99
5/23/2006,95,PM10,5/24/2006,78
5/24/2006,84,PM10,5/25/2006,79
5/25/2006,91,PM10,5/26/2006,88
5/26/2006,78,PM10,5/27/2006,91
5/27/2006,32,--,5/28/2006,72
5/28/2006,51,PM10,5/29/2006,96
5/29/2006,84,PM10,5/30/2006,96
5/30/2006,98,PM10,5/31/2006,102
5/31/2006,118,PM10,6/1/2006,98
6/1/2006,96,PM10,6/2/2006,100
6/2/2006,112,PM10,6/3/2006,97
6/3/2006,69,PM10,6/4/2006,85
6/4/2006,100,PM10,6/5/2006,109
6/5/2006,137,PM10,6/6/2006,123
6/6/2006,147,PM10,6/7/2006,84
6/7/2006,86,PM10,6/8/2006,64
6/8/2006,65,PM10,6/9/2006,58
6/9/2006,92,PM10,6/10/2006,84
6/10/2006,39,--,6/11/2006,79
6/11/2006,61,PM10,6/12/2006,65
6/12/2006,96,PM10,6/13/2006,72
6/13/2006,77,PM10,6/14/2006,57
6/14/2006,43,--,6/15/2006,63
6/15/2006,78,PM10,6/16/2006,67
6/16/2006,86,PM10,6/17/2006,69
6/17/2006,50,--,6/18/2006,84
6/18/2006,68,PM10,6/19/2006,78
6/19/2006,97,PM10,6/20/2006,91
6/20/2006,84,PM10,6/21/2006,86
6/21/2006,152,PM10,6/22/2006,83
6/22/2006,118,PM10,6/23/2006,94
6/23/2006,123,PM10,6/24/2006,90
6/24/2006,76,PM10,6/25/2006,92
6/25/2006,68,PM10,6/26/2006,74
6/26/2006,84,PM10,6/27/2006,79
6/27/2006,75,PM10,6/28/2006,64
6/28/2006,90,PM10,6/29/2006,69
6/29/2006,66,PM10,6/30/2006,62
6/30/2006,42,--,7/1/2006,76
7/1/2006,57,PM10,7/2/2006,100
7/2/2006,52,PM10,7/3/2006,128
7/3/2006,81,PM10,7/4/2006,77
7/4/2006,75,PM10,7/5/2006,71
7/5/2006,97,PM10,7/6/2006,75
7/6/2006,60,PM10,7/7/2006,86
7/7/2006,65,PM10,7/8/2006,68
7/8/2006,67,PM10,7/9/2006,72
7/9/2006,82,PM10,7/10/2006,65
7/10/2006,99,PM10,7/11/2006,60
7/11/2006,66,PM10,7/12/2006,74
7/12/2006,72,PM10,7/13/2006,70
7/13/2006,44,--,7/14/2006,77
7/14/2006,78,PM10,7/15/2006,67
7/15/2006,70,PM10,7/16/2006,92
7/16/2006,69,PM10,7/17/2006,63
7/17/2006,58,PM10,7/18/2006,66
7/18/2006,43,--,7/19/2006,77
7/19/2006,55,PM10,7/20/2006,100
7/20/2006,74,PM10,7/21/2006,61
7/21/2006,76,PM10,7/22/2006,39
7/22/2006,36,--,7/23/2006,67
7/23/2006,72,PM10,7/24/2006,68
7/24/2006,61,PM10,7/25/2006,60
7/25/2006,46,--,7/26/2006,68
7/26/2006,50,--,7/27/2006,88
7/27/2006,65,PM10,7/28/2006,58
7/28/2006,98,PM10,7/29/2006,58
7/29/2006,115,PM10,7/30/2006,86
7/30/2006,138,PM10,7/31/2006,67
7/31/2006,88,PM10,8/1/2006,63
8/1/2006,47,--,8/2/2006,71
8/2/2006,39,--,8/3/2006,76
8/3/2006,61,PM10,8/4/2006,88
8/4/2006,64,PM10,8/5/2006,62
8/5/2006,74,PM10,8/6/2006,62
8/6/2006,100,PM10,8/7/2006,64
8/7/2006,82,PM10,8/8/2006,65
8/8/2006,84,PM10,8/9/2006,62
8/9/2006,64,PM10,8/10/2006,65
8/10/2006,89,PM10,8/11/2006,77
8/11/2006,75,PM10,8/12/2006,98
8/12/2006,98,PM10,8/13/2006,90
8/13/2006,69,PM10,8/14/2006,73
8/14/2006,27,--,8/15/2006,68
8/15/2006,70,PM10,8/16/2006,50
8/16/2006,84,PM10,8/17/2006,50
8/17/2006,91,PM10,8/18/2006,48
8/18/2006,85,PM10,8/19/2006,65
8/19/2006,97,PM10,8/20/2006,95
8/20/2006,77,PM10,8/21/2006,53
8/21/2006,45,--,8/22/2006,62
8/22/2006,69,PM10,8/23/2006,85
8/23/2006,67,PM10,8/24/2006,87
8/24/2006,99,PM10,8/25/2006,97
8/25/2006,131,PM10,8/26/2006,85
8/26/2006,69,PM10,8/27/2006,59
8/27/2006,66,PM10,8/28/2006,80
8/28/2006,93,PM10,8/29/2006,68
8/29/2006,62,PM10,8/30/2006,65
8/30/2006,59,PM10,8/31/2006,73
8/31/2006,64,PM10,9/1/2006,110
9/1/2006,89,PM10,9/2/2006,64
9/2/2006,100,PM10,9/3/2006,79
9/3/2006,109,PM10,9/4/2006,46
9/4/2006,28,--,9/5/2006,67
9/5/2006,71,PM10,9/6/2006,75
9/6/2006,87,PM10,9/7/2006,67
9/7/2006,112,PM10,9/8/2006,74
9/8/2006,71,PM10,9/9/2006,35
9/9/2006,37,--,9/10/2006,54
9/10/2006,67,PM10,9/11/2006,62
9/11/2006,86,PM10,9/12/2006,88
9/12/2006,89,PM10,9/13/2006,97
9/13/2006,100,PM10,9/14/2006,97
9/14/2006,107,PM10,9/15/2006,90
9/15/2006,109,PM10,9/16/2006,69
9/16/2006,116,PM10,9/17/2006,96
9/17/2006,134,PM10,9/18/2006,72
9/18/2006,100,PM10,9/19/2006,74
9/19/2006,132,PM10,9/20/2006,55
9/20/2006,151,PM10,9/21/2006,58
9/21/2006,99,PM10,9/22/2006,63
9/22/2006,95,PM10,9/23/2006,72
9/23/2006,118,PM10,9/24/2006,90
9/24/2006,121,PM10,9/25/2006,72
9/25/2006,119,PM10,9/26/2006,76
9/26/2006,49,--,9/27/2006,85
9/27/2006,91,PM10,9/28/2006,79
9/28/2006,98,PM10,9/29/2006,72
9/29/2006,70,PM10,9/30/2006,86
9/30/2006,100,PM10,10/1/2006,87
10/1/2006,139,PM10,10/2/2006,74
10/2/2006,152,PM10,10/3/2006,88
10/3/2006,143,PM10,10/4/2006,140
10/4/2006,73,PM10,10/5/2006,96
10/5/2006,99,PM10,10/6/2006,97
10/6/2006,194,PM10,10/7/2006,94
10/7/2006,100,PM10,10/8/2006,85
10/8/2006,91,PM10,10/9/2006,90
10/9/2006,77,PM10,10/10/2006,82
10/10/2006,131,PM10,10/11/2006,39
10/11/2006,65,PM10,10/12/2006,60
10/12/2006,73,PM10,10/13/2006,60
10/13/2006,121,PM10,10/14/2006,70
10/14/2006,135,PM10,10/15/2006,76
10/15/2006,100,PM10,10/16/2006,98
10/16/2006,146,PM10,10/17/2006,77
10/17/2006,59,PM10,10/18/2006,77
10/18/2006,86,PM10,10/19/2006,83
10/19/2006,121,PM10,10/20/2006,49
10/20/2006,71,PM10,10/21/2006,77
10/21/2006,97,PM10,10/22/2006,85
10/22/2006,87,PM10,10/23/2006,36
10/23/2006,46,--,10/24/2006,82
10/24/2006,99,PM10,10/25/2006,71
10/25/2006,139,PM10,10/26/2006,55
10/26/2006,64,PM10,10/27/2006,96
10/27/2006,99,PM10,10/28/2006,88
10/28/2006,163,PM10,10/29/2006,68
10/29/2006,77,PM10,10/30/2006,92
10/30/2006,130,PM10,10/31/2006,100
10/31/2006,154,PM10,11/1/2006,78
11/1/2006,96,PM10,11/2/2006,121
11/2/2006,98,PM10,11/3/2006,99
11/3/2006,140,PM10,11/4/2006,99
11/4/2006,180,PM10,11/5/2006,57
11/5/2006,48,--,11/6/2006,50
11/6/2006,93,PM10,11/7/2006,63
11/7/2006,94,PM10,11/8/2006,77
11/8/2006,148,PM10,11/9/2006,59
11/9/2006,61,PM10,11/10/2006,73
11/10/2006,89,PM10,11/11/2006,64
11/11/2006,72,PM10,11/12/2006,88
11/12/2006,136,PM10,11/13/2006,70
11/13/2006,98,PM10,11/14/2006,61
11/14/2006,37,--,11/15/2006,48
11/15/2006,78,PM10,11/16/2006,64
11/16/2006,99,PM10,11/17/2006,97
11/17/2006,100,PM10,11/18/2006,88
11/18/2006,129,PM10,11/19/2006,139
11/19/2006,147,PM10,11/20/2006,141
11/20/2006,249,PM10,11/21/2006,92
11/21/2006,414,PM10,11/22/2006,33
11/22/2006,97,PM10,11/23/2006,56
11/23/2006,74,PM10,11/24/2006,78
11/24/2006,153,PM10,11/25/2006,96
11/25/2006,124,PM10,11/26/2006,81
11/26/2006,129,PM10,11/27/2006,57
11/27/2006,47,--,11/28/2006,81
11/28/2006,58,PM10,11/29/2006,70
11/29/2006,61,PM10,11/30/2006,68
11/30/2006,96,PM10,12/1/2006,88
12/1/2006,88,PM10,12/2/2006,48
12/2/2006,49,--,12/3/2006,67
12/3/2006,66,PM10,12/4/2006,98
12/4/2006,111,PM10,12/5/2006,73
12/5/2006,94,PM10,12/6/2006,99
12/6/2006,78,PM10,12/7/2006,70
12/7/2006,86,PM10,12/8/2006,69
12/8/2006,97,PM10,12/9/2006,72
12/9/2006,81,PM10,12/10/2006,94
12/10/2006,105,PM10,12/11/2006,75
12/11/2006,256,PM10,12/12/2006,79
12/12/2006,500,PM10,12/13/2006,143
12/13/2006,88,PM10,12/14/2006,118
12/14/2006,118,PM10,12/15/2006,102
12/15/2006,94,PM10,12/16/2006,123
12/16/2006,76,PM10,12/17/2006,74
12/17/2006,52,PM10,12/18/2006,95
12/18/2006,100,SO2,12/19/2006,109
12/19/2006,140,PM10,12/20/2006,137
12/20/2006,180,PM10,12/21/2006,133
12/21/2006,180,PM10,12/22/2006,99
12/22/2006,88,SO2,12/23/2006,74
12/23/2006,95,PM10,12/24/2006,98
12/24/2006,85,PM10,12/25/2006,101
12/25/2006,136,PM10,12/26/2006,103
12/26/2006,160,PM10,12/27/2006,59
12/27/2006,80,PM10,12/28/2006,62
12/28/2006,47,--,12/29/2006,76
12/29/2006,90,PM10,12/30/2006,136
12/30/2006,157,PM10,12/31/2006,133
12/31/2006,139,PM10,1/1/2007,139
1/1/2007,158,PM10,1/2/2007,104
1/2/2007,150,PM10,1/3/2007,118
1/3/2007,133,PM10,1/4/2007,194
1/4/2007,170,PM10,1/5/2007,369
1/5/2007,322,PM10,1/6/2007,81
1/6/2007,73,PM10,1/7/2007,62
1/7/2007,47,--,1/8/2007,86
1/8/2007,45,--,1/9/2007,88
1/9/2007,86,PM10,1/10/2007,73
1/10/2007,98,PM10,1/11/2007,159
1/11/2007,75,SO2,1/12/2007,112
1/12/2007,56,SO2,1/13/2007,94
1/13/2007,74,SO2,1/14/2007,123
1/14/2007,102,SO2,1/15/2007,192
1/15/2007,170,PM10,1/16/2007,229
1/16/2007,64,SO2,1/17/2007,164
1/17/2007,84,PM10,1/18/2007,84
1/18/2007,52,PM10,1/19/2007,98
1/19/2007,93,PM10,1/20/2007,140
1/20/2007,147,PM10,1/21/2007,150
1/21/2007,98,PM10,1/22/2007,86
1/22/2007,58,SO2,1/23/2007,149
1/23/2007,96,PM10,1/24/2007,180
1/24/2007,118,PM10,1/25/2007,289
1/25/2007,140,PM10,1/26/2007,177
1/26/2007,68,PM10,1/27/2007,100
1/27/2007,55,PM10,1/28/2007,98
1/28/2007,55,PM10,1/29/2007,92
1/29/2007,114,PM10,1/30/2007,72
1/30/2007,85,PM10,1/31/2007,58
1/31/2007,76,PM10,2/1/2007,67
2/1/2007,50,--,2/2/2007,98
2/2/2007,100,SO2,2/3/2007,74
2/3/2007,115,PM10,2/4/2007,133
2/4/2007,93,PM10,2/5/2007,100
2/5/2007,175,PM10,2/6/2007,97
2/6/2007,67,PM10,2/7/2007,94
2/7/2007,110,PM10,2/8/2007,87
2/8/2007,99,PM10,2/9/2007,99
2/9/2007,67,PM10,2/10/2007,74
2/10/2007,61,PM10,2/11/2007,79
2/11/2007,55,PM10,2/12/2007,91
2/12/2007,103,PM10,2/13/2007,69
2/13/2007,181,PM10,2/14/2007,98
2/14/2007,74,PM10,2/15/2007,95
2/15/2007,75,PM10,2/16/2007,87
2/16/2007,97,PM10,2/17/2007,60
2/17/2007,98,PM10,2/18/2007,96
2/18/2007,115,PM10,2/19/2007,98
2/19/2007,99,PM10,2/20/2007,95
2/20/2007,160,PM10,2/21/2007,134
2/21/2007,200,PM10,2/22/2007,87
2/22/2007,173,PM10,2/23/2007,62
2/23/2007,78,PM10,2/24/2007,61
2/24/2007,75,PM10,2/25/2007,61
2/25/2007,123,PM10,2/26/2007,55
2/26/2007,169,PM10,2/27/2007,76
2/27/2007,172,PM10,2/28/2007,68
2/28/2007,108,PM10,3/1/2007,89
3/1/2007,98,PM10,3/2/2007,99
3/2/2007,85,PM10,3/3/2007,68
3/3/2007,87,PM10,3/4/2007,56
3/4/2007,28,--,3/5/2007,45
3/5/2007,34,--,3/6/2007,69
3/6/2007,35,--,3/7/2007,60
3/7/2007,51,PM10,3/8/2007,55
3/8/2007,54,PM10,3/9/2007,61
3/9/2007,105,PM10,3/10/2007,66
3/10/2007,75,PM10,3/11/2007,96
3/11/2007,34,--,3/12/2007,76
3/12/2007,68,PM10,3/13/2007,62
3/13/2007,133,PM10,3/14/2007,91
3/14/2007,157,PM10,3/15/2007,96
3/15/2007,106,PM10,3/16/2007,75
3/16/2007,78,PM10,3/17/2007,79
3/17/2007,100,PM10,3/18/2007,89
3/18/2007,121,PM10,3/19/2007,59
3/19/2007,119,PM10,3/20/2007,88
3/20/2007,86,PM10,3/21/2007,98
3/21/2007,138,PM10,3/22/2007,98
3/22/2007,145,PM10,3/23/2007,96
3/23/2007,202,PM10,3/24/2007,61
3/24/2007,192,PM10,3/25/2007,93
3/25/2007,79,PM10,3/26/2007,80
3/26/2007,78,PM10,3/27/2007,75
3/27/2007,84,PM10,3/28/2007,90
3/28/2007,98,PM10,3/29/2007,90
3/29/2007,99,PM10,3/30/2007,91
3/30/2007,66,PM10,3/31/2007,63
3/31/2007,103,PM10,4/1/2007,113
4/1/2007,63,PM10,4/2/2007,49
4/2/2007,48,--,4/3/2007,59
4/3/2007,40,--,4/4/2007,95
4/4/2007,95,PM10,4/5/2007,81
4/5/2007,110,PM10,4/6/2007,81
4/6/2007,148,PM10,4/7/2007,97
4/7/2007,46,--,4/8/2007,92
4/8/2007,43,--,4/9/2007,67
4/9/2007,96,PM10,4/10/2007,82
4/10/2007,133,PM10,4/11/2007,90
4/11/2007,88,PM10,4/12/2007,99
4/12/2007,107,PM10,4/13/2007,75
4/13/2007,55,PM10,4/14/2007,72
4/14/2007,74,PM10,4/15/2007,81
4/15/2007,72,PM10,4/16/2007,66
4/16/2007,81,PM10,4/17/2007,87
4/17/2007,74,PM10,4/18/2007,84
4/18/2007,100,PM10,4/19/2007,91
4/19/2007,173,PM10,4/20/2007,77
4/20/2007,155,PM10,4/21/2007,97
4/21/2007,62,PM10,4/22/2007,51
4/22/2007,58,PM10,4/23/2007,87
4/23/2007,81,PM10,4/24/2007,75
4/24/2007,78,PM10,4/25/2007,86
4/25/2007,72,PM10,4/26/2007,79
4/26/2007,90,PM10,4/27/2007,82
4/27/2007,113,PM10,4/28/2007,85
4/28/2007,115,PM10,4/29/2007,92
4/29/2007,190,PM10,4/30/2007,98
4/30/2007,151,PM10,5/1/2007,86
5/1/2007,61,PM10,5/2/2007,78
5/2/2007,87,PM10,5/3/2007,75
5/3/2007,96,PM10,5/4/2007,88
5/4/2007,97,PM10,5/5/2007,90
5/5/2007,123,PM10,5/6/2007,89
5/6/2007,91,PM10,5/7/2007,93
5/7/2007,139,PM10,5/8/2007,268
5/8/2007,147,PM10,5/9/2007,73
5/9/2007,98,PM10,5/10/2007,73
5/10/2007,116,PM10,5/11/2007,88
5/11/2007,116,PM10,5/12/2007,65
5/12/2007,99,PM10,5/13/2007,70
5/13/2007,100,PM10,5/14/2007,68
5/14/2007,72,PM10,5/15/2007,71
5/15/2007,97,PM10,5/16/2007,85
5/16/2007,100,PM10,5/17/2007,87
5/17/2007,84,PM10,5/18/2007,60
5/18/2007,58,PM10,5/19/2007,47
5/19/2007,60,PM10,5/20/2007,68
5/20/2007,98,PM10,5/21/2007,82
5/21/2007,82,PM10,5/22/2007,71
5/22/2007,116,PM10,5/23/2007,56
5/23/2007,60,PM10,5/24/2007,49
5/24/2007,169,PM10,5/25/2007,89
5/25/2007,250,PM10,5/26/2007,88
5/26/2007,98,PM10,5/27/2007,65
5/27/2007,118,PM10,5/28/2007,49
5/28/2007,96,PM10,5/29/2007,57
5/29/2007,98,PM10,5/30/2007,72
5/30/2007,126,PM10,5/31/2007,71
5/31/2007,119,PM10,6/1/2007,65
6/1/2007,75,PM10,6/2/2007,61
6/2/2007,107,PM10,6/3/2007,66
6/3/2007,99,PM10,6/4/2007,71
6/4/2007,84,PM10,6/5/2007,82
6/5/2007,99,PM10,6/6/2007,79
6/6/2007,146,PM10,6/7/2007,92
6/7/2007,195,PM10,6/8/2007,80
6/8/2007,194,PM10,6/9/2007,62
6/9/2007,134,PM10,6/10/2007,86
6/10/2007,97,PM10,6/11/2007,77
6/11/2007,136,PM10,6/12/2007,76
6/12/2007,168,PM10,6/13/2007,82
6/13/2007,142,PM10,6/14/2007,61
6/14/2007,52,PM10,6/15/2007,68
6/15/2007,91,PM10,6/16/2007,77
6/16/2007,98,PM10,6/17/2007,78
6/17/2007,123,PM10,6/18/2007,72
6/18/2007,138,PM10,6/19/2007,75
6/19/2007,202,PM10,6/20/2007,70
6/20/2007,151,PM10,6/21/2007,65
6/21/2007,123,PM10,6/22/2007,75
6/22/2007,85,PM10,6/23/2007,91
6/23/2007,121,PM10,6/24/2007,89
6/24/2007,97,PM10,6/25/2007,85
6/25/2007,72,PM10,6/26/2007,97
6/26/2007,98,PM10,6/27/2007,124
6/27/2007,135,PM10,6/28/2007,79
6/28/2007,52,PM10,6/29/2007,78
6/29/2007,95,PM10,6/30/2007,76
6/30/2007,87,PM10,7/1/2007,68
7/1/2007,28,--,7/2/2007,78
7/2/2007,77,PM10,7/3/2007,88
7/3/2007,99,PM10,7/4/2007,111
7/4/2007,82,PM10,7/5/2007,97
7/5/2007,100,PM10,7/6/2007,125
7/6/2007,145,PM10,7/7/2007,140
7/7/2007,80,PM10,7/8/2007,84
7/8/2007,75,PM10,7/9/2007,82
7/9/2007,115,PM10,7/10/2007,72
7/10/2007,58,PM10,7/11/2007,59
7/11/2007,65,PM10,7/12/2007,68
7/12/2007,78,PM10,7/13/2007,90
7/13/2007,74,PM10,7/14/2007,87
7/14/2007,83,PM10,7/15/2007,75
7/15/2007,93,PM10,7/16/2007,80
7/16/2007,96,PM10,7/17/2007,87
7/17/2007,169,PM10,7/18/2007,107
7/18/2007,98,PM10,7/19/2007,82
7/19/2007,47,--,7/20/2007,67
7/20/2007,76,PM10,7/21/2007,96
7/21/2007,98,PM10,7/22/2007,70
7/22/2007,99,PM10,7/23/2007,84
7/23/2007,117,PM10,7/24/2007,98
7/24/2007,99,PM10,7/25/2007,96
7/25/2007,119,PM10,7/26/2007,99
7/26/2007,151,PM10,7/27/2007,84
7/27/2007,150,PM10,7/28/2007,196
7/28/2007,98,PM10,7/29/2007,154
7/29/2007,80,PM10,7/30/2007,89
7/30/2007,138,PM10,7/31/2007,85
7/31/2007,26,--,8/1/2007,69
8/1/2007,52,PM10,8/2/2007,64
8/2/2007,42,--,8/3/2007,49
8/3/2007,70,PM10,8/4/2007,65
8/4/2007,85,PM10,8/5/2007,80
8/5/2007,98,PM10,8/6/2007,93
8/6/2007,107,PM10,8/7/2007,75
8/7/2007,93,PM10,8/8/2007,49
8/8/2007,88,PM10,8/9/2007,95
8/9/2007,86,PM10,8/10/2007,76
8/10/2007,79,PM10,8/11/2007,62
8/11/2007,74,PM10,8/12/2007,58
8/12/2007,66,PM10,8/13/2007,70
8/13/2007,56,PM10,8/14/2007,73
8/14/2007,76,PM10,8/15/2007,82
8/15/2007,86,PM10,8/16/2007,93
8/16/2007,115,PM10,8/17/2007,75
8/17/2007,91,PM10,8/18/2007,60
8/18/2007,93,PM10,8/19/2007,63
8/19/2007,95,PM10,8/20/2007,97
8/20/2007,95,PM10,8/21/2007,78
8/21/2007,116,PM10,8/22/2007,78
8/22/2007,88,PM10,8/23/2007,67
8/23/2007,77,PM10,8/24/2007,72
8/24/2007,83,PM10,8/25/2007,89
8/25/2007,95,PM10,8/26/2007,66
8/26/2007,78,PM10,8/27/2007,68
8/27/2007,49,--,8/28/2007,87
8/28/2007,78,PM10,8/29/2007,78
8/29/2007,64,PM10,8/30/2007,65
8/30/2007,75,PM10,8/31/2007,74
8/31/2007,98,PM10,9/1/2007,80
9/1/2007,108,PM10,9/2/2007,91
9/2/2007,95,PM10,9/3/2007,72
9/3/2007,73,PM10,9/4/2007,74
9/4/2007,77,PM10,9/5/2007,73
9/5/2007,94,PM10,9/6/2007,67
9/6/2007,100,PM10,9/7/2007,59
9/7/2007,98,PM10,9/8/2007,55
9/8/2007,94,PM10,9/9/2007,57
9/9/2007,98,PM10,9/10/2007,63
9/10/2007,142,PM10,9/11/2007,63
9/11/2007,171,PM10,9/12/2007,81
9/12/2007,133,PM10,9/13/2007,85
9/13/2007,97,PM10,9/14/2007,78
9/14/2007,58,PM10,9/15/2007,67
9/15/2007,66,PM10,9/16/2007,78
9/16/2007,99,PM10,9/17/2007,82
9/17/2007,138,PM10,9/18/2007,69
9/18/2007,60,PM10,9/19/2007,31
9/19/2007,24,--,9/20/2007,55
9/20/2007,62,PM10,9/21/2007,65
9/21/2007,79,PM10,9/22/2007,70
9/22/2007,99,PM10,9/23/2007,64
9/23/2007,97,PM10,9/24/2007,88
9/24/2007,98,PM10,9/25/2007,55
9/25/2007,95,PM10,9/26/2007,74
9/26/2007,80,PM10,9/27/2007,53
9/27/2007,40,--,9/28/2007,61
9/28/2007,63,PM10,9/29/2007,64
9/29/2007,80,PM10,9/30/2007,73
9/30/2007,64,PM10,10/1/2007,99
10/1/2007,75,PM10,10/2/2007,99
10/2/2007,52,PM10,10/3/2007,86
10/3/2007,78,PM10,10/4/2007,75
10/4/2007,94,PM10,10/5/2007,93
10/5/2007,34,--,10/6/2007,72
10/6/2007,48,--,10/7/2007,40
10/7/2007,28,--,10/8/2007,43
10/8/2007,22,--,10/9/2007,65
10/9/2007,44,--,10/10/2007,76
10/10/2007,69,PM10,10/11/2007,85
10/11/2007,88,PM10,10/12/2007,63
10/12/2007,119,PM10,10/13/2007,72
10/13/2007,95,PM10,10/14/2007,72
10/14/2007,35,--,10/15/2007,82
10/15/2007,53,PM10,10/16/2007,85
10/16/2007,66,PM10,10/17/2007,97
10/17/2007,95,PM10,10/18/2007,63
10/18/2007,82,PM10,10/19/2007,56
10/19/2007,49,--,10/20/2007,53
10/20/2007,60,PM10,10/21/2007,63
10/21/2007,98,PM10,10/22/2007,76
10/22/2007,100,PM10,10/23/2007,75
10/23/2007,89,PM10,10/24/2007,87
10/24/2007,96,PM10,10/25/2007,75
10/25/2007,143,PM10,10/26/2007,131
10/26/2007,184,PM10,10/27/2007,94
10/27/2007,179,PM10,10/28/2007,38
10/28/2007,27,--,10/29/2007,50
10/29/2007,47,--,10/30/2007,68
10/30/2007,121,PM10,10/31/2007,70
10/31/2007,95,PM10,11/1/2007,58
11/1/2007,18,--,11/2/2007,56
11/2/2007,83,PM10,11/3/2007,56
11/3/2007,57,PM10,11/4/2007,77
11/4/2007,76,PM10,11/5/2007,77
11/5/2007,119,PM10,11/6/2007,87
11/6/2007,172,PM10,11/7/2007,114
11/7/2007,253,PM10,11/8/2007,126
11/8/2007,186,PM10,11/9/2007,97
11/9/2007,35,--,11/10/2007,67
11/10/2007,54,PM10,11/11/2007,66
11/11/2007,90,PM10,11/12/2007,96
11/12/2007,159,PM10,11/13/2007,71
11/13/2007,153,PM10,11/14/2007,60
11/14/2007,58,PM10,11/15/2007,56
11/15/2007,31,--,11/16/2007,76
11/16/2007,76,PM10,11/17/2007,78
11/17/2007,112,PM10,11/18/2007,67
11/18/2007,45,--,11/19/2007,57
11/19/2007,88,PM10,11/20/2007,64
11/20/2007,83,PM10,11/21/2007,66
11/21/2007,98,PM10,11/22/2007,85
11/22/2007,144,PM10,11/23/2007,79
11/23/2007,119,PM10,11/24/2007,77
11/24/2007,117,PM10,11/25/2007,63
11/25/2007,269,PM10,11/26/2007,70
11/26/2007,55,PM10,11/27/2007,77
11/27/2007,85,PM10,11/28/2007,98
11/28/2007,100,PM10,11/29/2007,74
11/29/2007,81,PM10,11/30/2007,82
11/30/2007,78,PM10,12/1/2007,85
12/1/2007,136,PM10,12/2/2007,85
12/2/2007,96,PM10,12/3/2007,77
12/3/2007,71,PM10,12/4/2007,83
12/4/2007,68,PM10,12/5/2007,93
12/5/2007,88,PM10,12/6/2007,90
12/6/2007,129,PM10,12/7/2007,82
12/7/2007,54,PM10,12/8/2007,95
12/8/2007,77,PM10,12/9/2007,131
12/9/2007,118,PM10,12/10/2007,175
12/10/2007,239,PM10,12/11/2007,98
12/11/2007,110,PM10,12/12/2007,137
12/12/2007,46,--,12/13/2007,137
12/13/2007,56,PM10,12/14/2007,130
12/14/2007,91,PM10,12/15/2007,98
12/15/2007,59,PM10,12/16/2007,95
12/16/2007,89,PM10,12/17/2007,82
12/17/2007,78,PM10,12/18/2007,80
12/18/2007,104,PM10,12/19/2007,101
12/19/2007,155,PM10,12/20/2007,93
12/20/2007,153,PM10,12/21/2007,117
12/21/2007,114,PM10,12/22/2007,81
12/22/2007,166,PM10,12/23/2007,83
12/23/2007,98,PM10,12/24/2007,92
12/24/2007,124,PM10,12/25/2007,102
12/25/2007,280,PM10,12/26/2007,149
12/26/2007,269,PM10,12/27/2007,116
12/27/2007,421,PM10,12/28/2007,125
12/28/2007,500,PM10,12/29/2007,92
12/29/2007,156,PM10,12/30/2007,90
12/30/2007,72,PM10,12/31/2007,90
12/31/2007,58,PM10,1/1/2008,76
1/1/2008,32,--,1/2/2008,95
1/2/2008,57,SO2,1/3/2008,87
1/3/2008,75,PM10,1/4/2008,107
1/4/2008,90,PM10,1/5/2008,93
1/5/2008,147,PM10,1/6/2008,98
1/6/2008,146,PM10,1/7/2008,99
1/7/2008,115,PM10,1/8/2008,110
1/8/2008,121,PM10,1/9/2008,78
1/9/2008,94,PM10,1/10/2008,96
1/10/2008,95,PM10,1/11/2008,126
1/11/2008,113,PM10,1/12/2008,72
1/12/2008,46,--,1/13/2008,67
1/13/2008,39,--,1/14/2008,87
1/14/2008,87,PM10,1/15/2008,91
1/15/2008,119,PM10,1/16/2008,89
1/16/2008,72,PM10,1/17/2008,117
1/17/2008,80,PM10,1/18/2008,148
1/18/2008,122,PM10,1/19/2008,147
1/19/2008,149,PM10,1/20/2008,131
1/20/2008,134,PM10,1/21/2008,80
1/21/2008,66,SO2,1/22/2008,88
1/22/2008,79,PM10,1/23/2008,87
1/23/2008,51,PM10,1/24/2008,84
1/24/2008,50,--,1/25/2008,122
1/25/2008,54,SO2,1/26/2008,138
1/26/2008,67,SO2,1/27/2008,128
1/27/2008,70,SO2,1/28/2008,141
1/28/2008,77,SO2,1/29/2008,109
1/29/2008,48,--,1/30/2008,77
1/30/2008,44,--,1/31/2008,96
1/31/2008,45,--,2/1/2008,99
2/1/2008,57,SO2,2/2/2008,132
2/2/2008,64,SO2,2/3/2008,96
2/3/2008,52,PM10,2/4/2008,96
2/4/2008,65,SO2,2/5/2008,126
2/5/2008,83,PM10,2/6/2008,87
2/6/2008,35,--,2/7/2008,160
2/7/2008,78,PM10,2/8/2008,111
2/8/2008,37,--,2/9/2008,95
2/9/2008,38,--,2/10/2008,96
2/10/2008,64,PM10,2/11/2008,94
2/11/2008,61,PM10,2/12/2008,171
2/12/2008,64,PM10,2/13/2008,95
2/13/2008,55,PM10,2/14/2008,86
2/14/2008,55,PM10,2/15/2008,68
2/15/2008,68,PM10,2/16/2008,82
2/16/2008,69,PM10,2/17/2008,88
2/17/2008,70,PM10,2/18/2008,149
2/18/2008,72,PM10,2/19/2008,97
2/19/2008,111,PM10,2/20/2008,92
2/20/2008,88,PM10,2/21/2008,95
2/21/2008,152,PM10,2/22/2008,95
2/22/2008,160,PM10,2/23/2008,72
2/23/2008,85,PM10,2/24/2008,87
2/24/2008,56,PM10,2/25/2008,95
2/25/2008,65,PM10,2/26/2008,82
2/26/2008,78,PM10,2/27/2008,73
2/27/2008,75,PM10,2/28/2008,87
2/28/2008,84,PM10,2/29/2008,118
2/29/2008,82,PM10,3/1/2008,87
3/1/2008,82,PM10,3/2/2008,89
3/2/2008,126,PM10,3/3/2008,94
3/3/2008,46,--,3/4/2008,79
3/4/2008,55,PM10,3/5/2008,97
3/5/2008,86,PM10,3/6/2008,83
3/6/2008,80,PM10,3/7/2008,109
3/7/2008,70,PM10,3/8/2008,97
3/8/2008,129,PM10,3/9/2008,133
3/9/2008,158,PM10,3/10/2008,151
3/10/2008,238,PM10,3/11/2008,200
3/11/2008,174,PM10,3/12/2008,149
3/12/2008,128,PM10,3/13/2008,94
3/13/2008,99,PM10,3/14/2008,81
3/14/2008,82,PM10,3/15/2008,73
3/15/2008,110,PM10,3/16/2008,136
3/16/2008,72,PM10,3/17/2008,89
3/17/2008,126,PM10,3/18/2008,96
3/18/2008,304,PM10,3/19/2008,358
3/19/2008,286,PM10,3/20/2008,126
3/20/2008,147,PM10,3/21/2008,97
3/21/2008,98,PM10,3/22/2008,73
3/22/2008,120,PM10,3/23/2008,94
3/23/2008,69,PM10,3/24/2008,85
3/24/2008,76,PM10,3/25/2008,61
3/25/2008,52,PM10,3/26/2008,58
3/26/2008,46,--,3/27/2008,55
3/27/2008,55,PM10,3/28/2008,59
3/28/2008,74,PM10,3/29/2008,96
3/29/2008,59,PM10,3/30/2008,89
3/30/2008,81,PM10,3/31/2008,86
3/31/2008,53,PM10,4/1/2008,84
4/1/2008,90,PM10,4/2/2008,64
4/2/2008,63,PM10,4/3/2008,130
4/3/2008,55,PM10,4/4/2008,95
4/4/2008,88,PM10,4/5/2008,99
4/5/2008,145,PM10,4/6/2008,98
4/6/2008,161,PM10,4/7/2008,80
4/7/2008,131,PM10,4/8/2008,92
4/8/2008,177,PM10,4/9/2008,111
4/9/2008,93,PM10,4/10/2008,81
4/10/2008,94,PM10,4/11/2008,56
4/11/2008,65,PM10,4/12/2008,83
4/12/2008,79,PM10,4/13/2008,81
4/13/2008,71,PM10,4/14/2008,106
4/14/2008,98,PM10,4/15/2008,97
4/15/2008,129,PM10,4/16/2008,99
4/16/2008,173,PM10,4/17/2008,97
4/17/2008,159,PM10,4/18/2008,93
4/18/2008,139,PM10,4/19/2008,95
4/19/2008,138,PM10,4/20/2008,98
4/20/2008,97,PM10,4/21/2008,92
4/21/2008,19,--,4/22/2008,82
4/22/2008,32,--,4/23/2008,56
4/23/2008,43,--,4/24/2008,90
4/24/2008,76,PM10,4/25/2008,72
4/25/2008,100,PM10,4/26/2008,63
4/26/2008,72,PM10,4/27/2008,75
4/27/2008,79,PM10,4/28/2008,78
4/28/2008,94,PM10,4/29/2008,86
4/29/2008,176,PM10,4/30/2008,89
4/30/2008,155,PM10,5/1/2008,82
5/1/2008,140,PM10,5/2/2008,76
5/2/2008,144,PM10,5/3/2008,85
5/3/2008,185,PM10,5/4/2008,66
5/4/2008,32,--,5/5/2008,72
5/5/2008,81,PM10,5/6/2008,87
5/6/2008,134,PM10,5/7/2008,100
5/7/2008,138,PM10,5/8/2008,79
5/8/2008,95,PM10,5/9/2008,75
5/9/2008,89,PM10,5/10/2008,93
5/10/2008,62,PM10,5/11/2008,66
5/11/2008,54,PM10,5/12/2008,74
5/12/2008,24,--,5/13/2008,76
5/13/2008,57,PM10,5/14/2008,68
5/14/2008,87,PM10,5/15/2008,80
5/15/2008,77,PM10,5/16/2008,78
5/16/2008,107,PM10,5/17/2008,91
5/17/2008,117,PM10,5/18/2008,94
5/18/2008,91,PM10,5/19/2008,68
5/19/2008,83,PM10,5/20/2008,78
5/20/2008,112,PM10,5/21/2008,75
5/21/2008,408,PM10,5/22/2008,80
5/22/2008,153,PM10,5/23/2008,93
5/23/2008,186,PM10,5/24/2008,68
5/24/2008,161,PM10,5/25/2008,75
5/25/2008,121,PM10,5/26/2008,76
5/26/2008,138,PM10,5/27/2008,66
5/27/2008,463,PM10,5/28/2008,156
5/28/2008,253,PM10,5/29/2008,98
5/29/2008,395,PM10,5/30/2008,98
5/30/2008,95,PM10,5/31/2008,76
5/31/2008,115,PM10,6/1/2008,83
6/1/2008,92,PM10,6/1/2008,83
6/1/2008,92,PM10,6/2/2008,61
6/2/2008,50,--,6/3/2008,64
6/3/2008,74,PM10,6/5/2008,79
6/5/2008,78,PM10,6/6/2008,81
6/6/2008,94,PM10,6/7/2008,88
6/7/2008,81,PM10,6/8/2008,72
6/8/2008,126,PM10,6/9/2008,97
6/9/2008,97,PM10,6/10/2008,78
6/10/2008,100,PM10,6/11/2008,64
6/11/2008,80,PM10,6/12/2008,95
6/12/2008,89,PM10,6/13/2008,98
6/13/2008,105,PM10,6/14/2008,96
6/14/2008,96,PM10,6/15/2008,98
6/15/2008,93,PM10,6/16/2008,98
6/16/2008,84,PM10,6/17/2008,81
6/17/2008,55,PM10,6/18/2008,49
6/18/2008,61,PM10,6/19/2008,66
6/19/2008,120,PM10,6/20/2008,96
6/20/2008,165,PM10,6/21/2008,90
6/21/2008,81,PM10,6/22/2008,95
6/22/2008,125,PM10,6/23/2008,74
6/23/2008,81,PM10,6/24/2008,68
6/24/2008,75,PM10,6/25/2008,77
6/25/2008,109,PM10,6/26/2008,99
6/26/2008,87,PM10,6/27/2008,94
6/27/2008,88,PM10,6/28/2008,70
6/28/2008,89,PM10,6/29/2008,86
6/29/2008,77,PM10,6/30/2008,87
6/30/2008,98,PM10,7/1/2008,57
7/1/2008,72,PM10,7/2/2008,61
7/2/2008,61,PM10,,
7/3/2008,92,,,
7/4/2008,100,,,
7/5/2008,66,,,
7/6/2008,39,,,
7/7/2008,69,,,
7/8/2008,98,,,
7/9/2008,62,,,
7/10/2008,85,,,
7/11/2008,112,,,
7/12/2008,74,,,
7/13/2008,59,,,
7/14/2008,84,,,
7/15/2008,31,,,
7/16/2008,66,,,
7/17/2008,77,,,
7/18/2008,66,,,
7/19/2008,64,,,
7/20/2008,55,,,
7/21/2008,64,,,
7/22/2008,66,,,
7/23/2008,89,,,
7/24/2008,113,,,
7/25/2008,109,,,
7/26/2008,118,,,
7/27/2008,113,,,
7/28/2008,,,,
7/29/2008,90,,,
7/30/2008,43,,,
7/31/2008,69,,,
