[{"id":"user-file-RacialdisparitiesinDeathratesandDeathincidencesinXinjiang.pdf","fileName":"RacialdisparitiesinDeathratesandDeathincidencesinXinjiang.pdf","name":"RacialdisparitiesinDeathratesandDeathincidencesinXinjiang","publicUrl":"np://user.desktop.nicepage.com/Site_928312338/files/RacialdisparitiesinDeathratesandDeathincidencesinXinjiang.pdf","size":562150},{"id":"user-file-EthniccontextandfertilitydifferentialinpostSovietKazakhstan.pdf","fileName":"EthniccontextandfertilitydifferentialinpostSovietKazakhstan.pdf","name":"EthniccontextandfertilitydifferentialinpostSovietKazakhstan","publicUrl":"np://user.desktop.nicepage.com/Site_928312338/files/EthniccontextandfertilitydifferentialinpostSovietKazakhstan.pdf","size":858811},{"id":"user-file-TheTwoFacesofDiversity.pdf","fileName":"TheTwoFacesofDiversity.pdf","name":"TheTwoFacesofDiversity","publicUrl":"np://user.desktop.nicepage.com/Site_928312338/files/TheTwoFacesofDiversity.pdf","size":354966},{"id":"user-file-Relativedeprivationincontext.pdf","fileName":"Relativedeprivationincontext.pdf","name":"Relativedeprivationincontext","publicUrl":"np://user.desktop.nicepage.com/Site_928312338/files/Relativedeprivationincontext.pdf","size":865757},{"id":"user-file-Howcommunity-levelsocialandeconomicdevelopmentshavechangedthepatternsofsubstanceuseinatransitioneconomy.pdf","fileName":"Howcommunity-levelsocialandeconomicdevelopmentshavechangedthepatternsofsubstanceuseinatransitioneconomy.pdf","name":"Howcommunity-levelsocialandeconomicdevelopmentshavechangedthepatternsofsubstanceuseinatransitioneconomy","publicUrl":"np://user.desktop.nicepage.com/Site_928312338/files/Howcommunity-levelsocialandeconomicdevelopmentshavechangedthepatternsofsubstanceuseinatransitioneconomy.pdf","size":478002},{"id":"user-file-ThetoxicgiftreciprocityandsocialcapitalincigaretteexchangeinChina.pdf","fileName":"ThetoxicgiftreciprocityandsocialcapitalincigaretteexchangeinChina.pdf","name":"ThetoxicgiftreciprocityandsocialcapitalincigaretteexchangeinChina","publicUrl":"np://user.desktop.nicepage.com/Site_928312338/files/ThetoxicgiftreciprocityandsocialcapitalincigaretteexchangeinChina.pdf","size":1510788},{"id":"user-file-SampleDesignandSampling2.docx","fileName":"SampleDesignandSampling2.docx","name":"SampleDesignandSampling2","publicUrl":"np://user.desktop.nicepage.com/Site_928312338/files/SampleDesignandSampling2.docx","size":46424},{"id":"user-file-bangladesh_chap5.pdf","fileName":"bangladesh_chap5.pdf","name":"bangladesh_chap5","publicUrl":"np://user.desktop.nicepage.com/Site_928312338/files/bangladesh_chap5.pdf","size":812745},{"id":"user-file-chapter_2_epidemiological_transition.pdf","fileName":"chapter_2_epidemiological_transition.pdf","name":"chapter_2_epidemiological_transition","publicUrl":"np://user.desktop.nicepage.com/Site_928312338/files/chapter_2_epidemiological_transition.pdf","size":947730},{"id":"user-file-chapter_5_geographical_context.pdf","fileName":"chapter_5_geographical_context.pdf","name":"chapter_5_geographical_context","publicUrl":"np://user.desktop.nicepage.com/Site_928312338/files/chapter_5_geographical_context.pdf","size":747441},{"id":"user-file-chapter_6.pdf","fileName":"chapter_6.pdf","name":"chapter_6","publicUrl":"np://user.desktop.nicepage.com/Site_928312338/files/chapter_6.pdf","size":949743},{"id":"user-file-CV25Yang.pdf","fileName":"CV25Yang.pdf","name":"CV25Yang","publicUrl":"np://user.desktop.nicepage.com/Site_928312338/files/CV25Yang.pdf","size":231159},{"id":"user-file-IsSocialStatusRelatedtoInternetPornographyUse.pdf","fileName":"IsSocialStatusRelatedtoInternetPornographyUse.pdf","name":"IsSocialStatusRelatedtoInternetPornographyUse","publicUrl":"np://user.desktop.nicepage.com/Site_928312338/files/IsSocialStatusRelatedtoInternetPornographyUse.pdf","size":497915},{"id":"user-file-Togetherwehavefun.pdf","fileName":"Togetherwehavefun.pdf","name":"Togetherwehavefun","publicUrl":"np://user.desktop.nicepage.com/Site_928312338/files/Togetherwehavefun.pdf","size":129560}]