[{"id":"user-image-9mhpg0.gif","publicUrl":"np://user.desktop.nicepage.com/Site_928312338/images/9mhpg0.gif","size":222139,"hash":"yBckSoPgYfVL4JTapCgxuhtyTqE=","fileName":"9mhpg0.gif","name":"9mhpg0","width":500,"height":411,"thumbnail":{"url":"np://user.desktop.nicepage.com/Site_928312338/images/thumbnails/9mhpg0.gif","width":250,"height":206},"folderId":null,"usages":["3340874"]},{"id":"user-image-shi.webp","publicUrl":"np://user.desktop.nicepage.com/Site_928312338/images/shi.webp","size":6130,"hash":"p9Q8qFvEne92F+sxyy6c3vY8mjQ=","fileName":"shi.webp","name":"shi","width":104,"height":150,"thumbnail":{"url":"np://user.desktop.nicepage.com/Site_928312338/images/thumbnails/shi.webp","width":104,"height":150,"length":6130,"type":"webp"},"folderId":null,"usages":["999202654"]},{"id":"user-image-10508.webp","publicUrl":"np://user.desktop.nicepage.com/Site_928312338/images/10508.webp","size":12880,"hash":"fHjewDNjgwYhdrgNIY9/pXdYdc4=","fileName":"10508.webp","name":"10508","width":316,"height":419,"thumbnail":{"url":"np://user.desktop.nicepage.com/Site_928312338/images/thumbnails/10508.webp","width":189,"height":250},"folderId":null,"usages":["999202654"]},{"id":"user-image-b612-20211202-155822-265_orig.jpg","publicUrl":"np://user.desktop.nicepage.com/Site_928312338/images/b612-20211202-155822-265_orig.jpg","size":99619,"hash":"01VkKTmv29GegFc56CzTHekvCCU=","fileName":"b612-20211202-155822-265_orig.jpg","name":"b612-20211202-155822-265_orig","width":1100,"height":619,"thumbnail":{"url":"np://user.desktop.nicepage.com/Site_928312338/images/thumbnails/b612-20211202-155822-265_orig.jpg","width":250,"height":141},"folderId":null,"usages":["302797674"]},{"id":"user-image-978-3-030-76143-1_orig.webp","publicUrl":"np://user.desktop.nicepage.com/Site_928312338/images/978-3-030-76143-1_orig.webp","size":41864,"hash":"ALYmjNLoLUKV16mQ4jkG9J8tmK4=","fileName":"978-3-030-76143-1_orig.webp","name":"978-3-030-76143-1_orig","width":827,"height":1245,"thumbnail":{"url":"np://user.desktop.nicepage.com/Site_928312338/images/thumbnails/978-3-030-76143-1_orig.webp","width":166,"height":250},"folderId":null,"usages":["999202654"]},{"id":"user-image-978-981-97-4848-8_orig.webp","publicUrl":"np://user.desktop.nicepage.com/Site_928312338/images/978-981-97-4848-8_orig.webp","size":29468,"hash":"2tIBo1qCZxS23tsJ9dMhqF3+dKI=","fileName":"978-981-97-4848-8_orig.webp","name":"978-981-97-4848-8_orig","width":827,"height":1246,"thumbnail":{"url":"np://user.desktop.nicepage.com/Site_928312338/images/thumbnails/978-981-97-4848-8_orig.webp","width":166,"height":250},"folderId":null,"usages":["999202654"]},{"id":"user-image-images.jpg","publicUrl":"np://user.desktop.nicepage.com/Site_928312338/images/images.jpg","size":9959,"hash":"SEtYDW288vsl9Cv6bPISnFJtFx8=","fileName":"images.jpg","name":"images","width":188,"height":268,"thumbnail":{"url":"np://user.desktop.nicepage.com/Site_928312338/images/thumbnails/images.jpg","width":175,"height":250},"folderId":null,"usages":["999202654"]},{"id":"user-image-1-s2-0-s1353829217x0004x-cov150h_orig.gif","publicUrl":"np://user.desktop.nicepage.com/Site_928312338/images/1-s2-0-s1353829217x0004x-cov150h_orig.gif","size":12124,"hash":"kJIUMN58iBh3358YqrXAmTWshdw=","fileName":"1-s2-0-s1353829217x0004x-cov150h_orig.gif","name":"1-s2-0-s1353829217x0004x-cov150h_orig","width":113,"height":150,"thumbnail":{"url":"np://user.desktop.nicepage.com/Site_928312338/images/thumbnails/1-s2-0-s1353829217x0004x-cov150h_orig.gif","width":113,"height":150,"length":12124,"type":"gif"},"folderId":null,"usages":["999202654"]},{"id":"user-image-download_orig.gif","publicUrl":"np://user.desktop.nicepage.com/Site_928312338/images/download_orig.gif","size":5574,"hash":"2r7izYPO/7SOT2Kts4sZjh8zszM=","fileName":"download_orig.gif","name":"download_orig","width":120,"height":164,"thumbnail":{"url":"np://user.desktop.nicepage.com/Site_928312338/images/thumbnails/download_orig.gif","width":120,"height":164,"length":5574,"type":"gif"},"folderId":null,"usages":["999202654"]},{"id":"user-image-hsbb_61_1.cover.png","publicUrl":"np://user.desktop.nicepage.com/Site_928312338/images/hsbb_61_1.cover.png","size":265855,"hash":"mW+nPY7zbmrMvBFJiNx+3Y+3hmo=","fileName":"hsbb_61_1.cover.png","name":"hsbb_61_1.cover","width":615,"height":900,"thumbnail":{"url":"np://user.desktop.nicepage.com/Site_928312338/images/thumbnails/hsbb_61_1.cover.png","width":171,"height":250},"folderId":null,"usages":["999202654"]},{"id":"user-image-15448452-cover.jpg","publicUrl":"np://user.desktop.nicepage.com/Site_928312338/images/15448452-cover.jpg","size":191012,"hash":"cOxerQdpD+WmBRyX/Nnio3V/de0=","fileName":"15448452-cover.jpg","name":"15448452-cover","width":761,"height":1000,"thumbnail":{"url":"np://user.desktop.nicepage.com/Site_928312338/images/thumbnails/15448452-cover.jpg","width":190,"height":250},"folderId":null,"usages":["999202654"]},{"id":"user-image-282373787.jpg","publicUrl":"np://user.desktop.nicepage.com/Site_928312338/images/282373787.jpg","size":11619,"hash":"sS+azk7qeTCV+XSLoPdqmiyb0uw=","fileName":"282373787.jpg","name":"282373787","width":225,"height":300,"thumbnail":{"url":"np://user.desktop.nicepage.com/Site_928312338/images/thumbnails/282373787.jpg","width":188,"height":250},"folderId":null,"usages":["999202654"]},{"id":"user-image-646094.png","publicUrl":"np://user.desktop.nicepage.com/Site_928312338/images/646094.png","size":2920,"hash":"D4R2eI+UniH8DFN5GIjVyvdbvvY=","fileName":"646094.png","name":"646094","width":128,"height":128,"thumbnail":{"url":"np://user.desktop.nicepage.com/Site_928312338/images/thumbnails/646094.png","width":128,"height":128,"length":2920,"type":"png"},"folderId":null,"usages":["302797674"]},{"id":"user-image-Capture.PNG","publicUrl":"np://user.desktop.nicepage.com/Site_928312338/images/Capture.PNG","size":109171,"hash":"vRdgE58qlyMcFfZBJSos6dz7eGE=","fileName":"Capture.PNG","name":"Capture","width":225,"height":196,"thumbnail":{"url":"np://user.desktop.nicepage.com/Site_928312338/images/thumbnails/Capture.PNG","width":225,"height":196,"length":109171,"type":"png"},"folderId":null,"usages":[]}]