[{"id":66756834,"title":"Blog Template","order":1,"templateKey":"blog","customTemplate":false,"customTemplateFilename":null,"pageLinks":[],"dateCreated":"2025-03-06T09:04:06.106Z","dateUpdated":"2025-03-06T09:04:07.630Z","folderId":null,"pageName":"Blog Template","serverPageId":null,"sectionCount":1,"status":2,"backwardUrl":null},{"id":22980445,"title":"Post Template","order":2,"templateKey":"post","customTemplate":false,"customTemplateFilename":null,"pageLinks":[],"dateCreated":"2025-03-06T09:04:06.255Z","dateUpdated":"2025-03-06T09:04:07.630Z","folderId":null,"pageName":"Post Template","serverPageId":null,"sectionCount":1,"status":2,"backwardUrl":null},{"id":641310734,"title":"Product List Template","order":3,"templateKey":"products","customTemplate":false,"customTemplateFilename":null,"pageLinks":[],"dateCreated":"2025-03-06T09:04:06.400Z","dateUpdated":"2025-03-06T09:04:07.631Z","folderId":null,"pageName":"Product List Template","serverPageId":null,"sectionCount":1,"status":2,"backwardUrl":null},{"id":286010434,"title":"Product Details Template","order":4,"templateKey":"product","customTemplate":false,"customTemplateFilename":null,"pageLinks":[],"dateCreated":"2025-03-06T09:04:06.539Z","dateUpdated":"2025-03-06T09:04:07.631Z","folderId":null,"pageName":"Product Details Template","serverPageId":null,"sectionCount":1,"status":2,"backwardUrl":null},{"id":182865053,"title":"Shopping Cart Template","order":5,"templateKey":"cart","customTemplate":false,"customTemplateFilename":null,"pageLinks":[],"dateCreated":"2025-03-06T09:04:06.655Z","dateUpdated":"2025-03-06T09:04:07.631Z","folderId":null,"pageName":"Shopping Cart Template","serverPageId":null,"sectionCount":1,"status":2,"backwardUrl":null},{"id":71023900,"title":"Checkout Template","order":6,"templateKey":"checkout","customTemplate":false,"customTemplateFilename":null,"pageLinks":[],"dateCreated":"2025-03-06T09:04:06.806Z","dateUpdated":"2025-03-06T09:04:07.631Z","folderId":null,"pageName":"Checkout Template","serverPageId":null,"sectionCount":1,"status":2,"backwardUrl":null},{"id":278123620,"title":"Login Template","order":7,"templateKey":"login","customTemplate":false,"customTemplateFilename":null,"pageLinks":[],"dateCreated":"2025-03-06T09:04:06.897Z","dateUpdated":"2025-03-06T09:04:07.631Z","folderId":null,"pageName":"Login Template","serverPageId":null,"sectionCount":1,"status":2,"backwardUrl":null},{"id":73343499,"title":"Search Page Template","order":8,"templateKey":"Search","customTemplate":false,"customTemplateFilename":null,"pageLinks":[],"dateCreated":"2025-03-06T09:04:06.966Z","dateUpdated":"2025-03-06T09:04:07.631Z","folderId":null,"pageName":"Search Page Template","serverPageId":null,"sectionCount":1,"status":2,"backwardUrl":null},{"id":909213671,"title":"Page Password Template","order":9,"templateKey":"password","customTemplate":false,"customTemplateFilename":null,"pageLinks":[],"dateCreated":"2025-03-06T09:04:07.044Z","dateUpdated":"2025-03-06T09:04:07.631Z","folderId":null,"pageName":"Page Password Template","serverPageId":null,"sectionCount":1,"status":2,"backwardUrl":null},{"id":390905808,"title":"404 Not Found Template","order":10,"templateKey":"404","customTemplate":false,"customTemplateFilename":null,"pageLinks":[],"dateCreated":"2025-03-06T09:04:07.109Z","dateUpdated":"2025-03-06T09:04:07.632Z","folderId":null,"pageName":"404 Not Found Template","serverPageId":null,"sectionCount":1,"status":2,"backwardUrl":null},{"id":35833448,"title":"Thank You Page Template","order":11,"templateKey":"ThankYou","customTemplate":false,"customTemplateFilename":null,"pageLinks":[],"dateCreated":"2025-03-06T09:04:07.167Z","dateUpdated":"2025-03-06T09:04:07.632Z","folderId":null,"pageName":"Thank You Page Template","serverPageId":null,"sectionCount":1,"status":2,"backwardUrl":null},{"id":302797674,"title":"Home","order":102,"templateKey":null,"customTemplate":false,"customTemplateFilename":null,"pageLinks":["302797674"],"dateCreated":"2025-03-06T10:45:42.463Z","dateUpdated":"2025-03-06T18:30:28.080Z","folderId":null,"pageName":"Home_302797674","serverPageId":null,"sectionCount":3,"status":2,"backwardUrl":null},{"id":999202654,"title":"Research","order":103,"templateKey":null,"customTemplate":false,"customTemplateFilename":null,"pageLinks":["302797674"],"dateCreated":"2025-03-06T11:17:41.160Z","dateUpdated":"2025-03-06T18:32:28.364Z","folderId":null,"pageName":"Research_999202654","serverPageId":null,"sectionCount":2,"status":2,"backwardUrl":null},{"id":15266635,"title":"codes","order":104,"templateKey":null,"customTemplate":false,"customTemplateFilename":null,"pageLinks":[],"dateCreated":"2025-03-06T12:18:29.708Z","dateUpdated":"2025-03-06T12:20:24.946Z","folderId":null,"pageName":"codes_15266635","serverPageId":null,"sectionCount":1,"status":2,"backwardUrl":null},{"id":3340874,"title":"Data","order":105,"templateKey":null,"customTemplate":false,"customTemplateFilename":null,"pageLinks":["302797674","15266635"],"dateCreated":"2025-03-06T16:40:44.628Z","dateUpdated":"2025-03-06T18:35:43.231Z","folderId":null,"pageName":"Data_3340874","serverPageId":null,"sectionCount":3,"status":2,"backwardUrl":null}]